"";"premier";"bas";"rue";"vieux";"trouver";"sembler";"changer";"moyen";"grand";"montrer";"place";"tomber";"laisser";"voir";"bois";"temps";"manière";"figure";"tenir";"donner";"fleur";"regard";"paraître";"jour";"maison";"joli";"recevoir";"mettre";"tirer";"petit";"chambre";"maître";"air";"côté";"porte";"beau";"commencer";"haut";"fois";"année";"gens";"ville";"long";"servir";"jeter";"nommer";"chose";"pauvre";"terre";"livre";"juge";"cause";"vendre";"doute";"idée";"affaire";"pari";"noir";"milieu";"rendre";"connaître";"fille";"mourir";"femme";"gros";"permettre";"mari";"riche";"rire";"blanc";"nature";"mère";"marier";"père";"lire";"homme";"aller";"payer";"rester";"intérêt";"asseoir";"mauvais";"regarder";"entendre";"venir";"franc";"ancien";"parler";"fortune";"cacher";"louis";"voiture";"appeler";"deviner";"manquer";"saint";"fin";"main";"offrir";"quitter";"argent";"porter";"vie";"passer";"heure";"garder";"chercher";"seul";"enfant";"devenir";"arrêter";"apercevoir";"dîner";"bras";"voix";"prendre";"marcher";"profond";"jouer";"oeil";"perdre";"mort";"présenter";"sentiment";"demander";"charger";"agir";"sorte";"apprendre";"dieu";"noble";"mois";"moment";"nuit";"douleur";"nouveau";"larme";"vivre";"peine";"occuper";"cher";"inconnu";"caractère";"aimer";"heureux";"ouvrir";"loi";"fils";"répondre";"effet";"mariage";"oreille";"lettre";"écouter";"rencontrer";"monde";"jeune";"vrai";"mouvement";"sortir";"pied";"amour";"passion";"âme";"revenir";"lever";"mot";"pensée";"tête";"arriver";"sentir";"penser";"coeur";"comprendre";"coup";"france";"suivre";"esprit";"soir";"vieillard";"écrier";"bonheur";"rente";"partir";"garçon";"finir";"état";"matin";"famille";"cheval";"valoir";"général";"causer";"frère";"comte";"entrer";"droit";"cour";"salon";"lieu";"attendre";"feu";"silence";"sourire";"mademoiselle";"expliquer";"pays";"secret";"honneur";"raison";"tuer";"malheur";"dernier";"écrire";"ami";"obtenir";"reprendre";"envoyer";"parole";"abbé";"reconnaître";"politique";"souvenir";"plaisir";"roi";"tour";"duc";"nom";"marquis";"cousin";"notaire";"journal";"chef";"ministre";"baron";"oncle";"lucien"
"premier";0;33;83;116;219;49;26;31;182;50;54;41;128;350;23;108;35;43;59;251;42;71;81;308;118;33;93;163;26;174;119;58;50;27;61;136;59;53;396;86;77;53;53;65;67;84;83;92;34;36;44;43;16;36;47;81;142;33;38;88;86;176;45;354;37;35;63;33;32;31;24;120;70;112;59;321;282;43;95;35;25;17;74;109;293;104;54;91;52;31;36;30;41;36;28;42;42;84;49;40;40;48;193;145;102;56;49;102;115;92;33;81;61;26;49;190;25;29;57;125;50;50;33;57;94;27;24;23;46;40;16;107;161;31;42;20;27;97;22;47;74;23;24;108;60;32;17;58;97;40;86;26;97;26;43;79;238;36;54;60;45;163;55;80;82;32;157;63;67;83;63;48;126;63;102;25;35;58;38;37;60;51;16;47;40;45;45;62;63;26;21;51;39;36;134;59;33;63;64;45;48;36;22;42;111;26;25;55;36;46;25;39;92;46;118;41;79;47;46;29;36;31;43;68;58;30;48;63;60;29;46;33;39;62;69;21;80
"bas";33;0;37;37;69;13;13;6;63;20;21;30;49;118;13;28;25;14;35;52;13;24;17;30;31;17;8;68;8;123;30;13;24;14;36;27;14;78;18;3;26;23;28;14;20;12;31;34;21;5;7;14;11;13;8;21;23;46;15;20;20;50;13;82;35;18;20;10;14;40;4;26;17;37;8;93;121;5;28;11;20;8;47;46;67;20;17;70;6;13;8;19;14;3;9;17;21;38;9;8;26;41;31;32;35;21;16;33;27;25;15;12;10;18;263;63;24;17;16;43;15;17;5;9;37;7;10;1;6;12;5;7;35;10;6;7;17;20;11;10;22;7;9;41;12;17;7;11;73;16;6;35;18;17;7;24;52;11;8;28;37;17;8;18;22;16;31;5;20;23;10;11;25;14;26;8;10;9;11;15;34;11;5;15;4;8;14;19;8;12;8;9;28;13;41;27;12;12;10;14;12;7;10;9;23;15;14;8;7;10;4;9;25;10;28;5;38;4;24;7;11;7;5;7;14;13;19;22;16;8;13;8;9;7;25;4;17
"rue";83;37;0;105;184;16;11;6;153;32;69;14;50;174;18;50;12;12;38;112;6;20;19;95;278;34;17;77;15;196;56;25;34;37;113;69;21;32;54;18;45;56;41;17;25;45;40;45;15;14;21;12;29;27;20;27;118;22;31;51;39;55;12;129;25;14;15;19;10;16;4;46;25;53;18;136;300;19;47;8;18;15;48;44;156;93;52;33;34;14;29;69;19;19;5;260;8;31;21;29;13;29;45;108;130;26;27;40;51;26;48;38;45;13;20;117;20;10;22;28;16;18;14;4;42;12;5;18;16;10;12;40;62;22;4;8;9;61;22;33;27;21;8;21;18;24;8;24;38;18;14;11;24;14;26;28;75;12;10;59;38;18;16;10;75;16;35;11;33;69;14;22;37;27;24;18;25;16;39;17;25;11;25;25;12;19;25;58;22;24;14;18;13;25;49;51;14;62;34;27;34;6;16;10;46;12;8;16;14;19;9;10;21;14;55;15;32;19;13;10;15;6;10;16;13;16;21;38;12;17;17;22;8;14;56;23;60
"vieux";116;37;105;0;210;60;30;29;151;98;52;45;135;374;43;123;48;79;85;245;41;75;67;186;205;40;58;181;38;242;100;90;107;35;103;137;27;31;75;39;102;85;61;67;57;61;103;125;49;46;79;34;29;46;46;102;96;61;33;91;85;494;65;441;44;33;49;53;38;55;13;191;75;214;43;260;367;38;116;37;49;44;114;108;249;127;93;92;83;46;47;36;42;32;31;74;39;130;59;41;60;56;91;135;96;101;47;110;134;95;37;66;61;49;61;232;27;35;60;126;43;57;39;38;139;37;26;29;42;34;47;69;129;33;18;38;29;118;31;40;66;28;34;79;47;38;16;113;178;40;49;45;43;38;36;59;251;39;34;74;64;58;29;34;86;76;101;33;108;59;44;76;102;57;52;35;31;40;65;69;115;43;43;65;71;57;43;46;116;48;32;48;25;51;114;63;22;50;80;25;60;49;33;36;133;31;39;44;35;35;28;39;55;36;138;29;108;35;46;55;51;21;34;33;33;42;75;67;101;50;122;17;32;21;104;40;39
"trouver";219;69;184;210;0;71;55;137;361;85;131;69;152;439;56;160;77;73;106;347;62;88;115;255;252;57;79;290;37;379;191;98;123;99;181;258;67;79;156;48;168;112;86;93;102;62;217;177;80;59;44;64;44;98;98;130;217;53;125;128;128;275;62;600;50;50;125;81;51;50;49;165;108;191;70;558;570;68;125;66;81;71;160;117;434;269;74;128;108;74;40;80;55;36;63;104;51;136;62;81;101;53;255;180;251;100;126;255;182;133;58;76;93;65;73;303;49;45;85;177;82;97;57;98;195;59;41;46;58;76;46;86;247;51;45;62;67;121;60;83;162;59;56;177;138;59;49;80;198;69;69;35;121;61;60;214;321;72;48;128;123;154;74;121;156;64;161;70;149;137;119;115;186;91;87;60;53;110;104;56;90;107;40;90;50;101;104;101;114;71;45;88;52;54;197;115;53;94;153;55;120;81;52;50;181;48;44;91;57;96;37;61;84;61;208;34;124;56;77;65;67;57;37;127;58;46;88;98;112;53;53;36;59;57;119;44;172
"sembler";49;13;16;60;71;0;11;17;65;32;9;22;36;148;18;37;25;62;33;65;21;86;63;48;43;24;22;46;12;74;18;18;50;12;20;55;8;25;33;11;50;16;23;19;51;15;71;40;24;5;7;12;6;21;22;21;30;27;17;34;30;69;18;146;13;11;26;14;15;30;20;45;20;32;16;146;91;16;32;14;12;13;49;33;57;23;12;49;21;22;11;7;6;21;20;16;19;51;22;20;13;13;84;47;23;30;16;39;43;36;15;23;6;12;39;64;23;25;30;125;25;36;12;38;38;8;11;15;9;25;13;11;74;11;24;13;12;34;19;10;34;25;26;47;16;12;13;15;50;26;13;18;15;19;15;51;92;21;29;30;18;59;29;57;18;18;53;42;48;20;29;21;45;29;27;13;8;26;18;19;18;34;3;28;14;16;19;15;30;14;7;19;20;16;31;8;17;15;23;12;22;15;22;28;43;10;14;21;10;18;5;25;28;19;31;7;30;3;32;9;16;11;12;34;14;10;16;16;28;8;10;3;10;10;22;5;17
"changer";26;13;11;30;55;11;0;6;34;13;19;13;33;74;6;40;24;11;18;59;7;15;26;65;28;4;15;41;27;42;7;11;14;7;15;30;9;9;30;10;22;8;7;5;21;9;40;30;13;11;11;9;17;14;31;33;38;9;7;21;25;33;6;78;8;5;17;14;6;9;18;27;16;35;6;74;91;17;16;15;7;9;24;11;54;69;5;21;16;10;6;7;4;0;3;15;5;15;4;12;21;6;35;31;23;13;11;19;29;36;6;12;6;6;15;54;5;7;11;24;10;10;14;18;33;8;12;5;13;12;8;20;28;5;8;13;5;31;4;6;27;4;13;29;14;3;15;15;37;9;13;4;155;9;8;26;29;16;9;9;11;25;10;12;15;7;27;13;10;17;17;15;28;21;20;10;2;14;8;7;14;12;17;16;5;7;15;6;24;6;6;9;5;10;32;11;9;8;11;13;11;4;7;3;22;3;7;12;12;13;8;8;15;12;25;8;17;8;6;8;9;11;8;14;10;4;6;19;19;5;18;6;8;6;16;6;9
"moyen";31;6;6;29;137;17;6;0;48;12;19;8;26;85;5;26;4;7;18;80;5;12;17;30;14;9;7;47;9;40;11;9;8;9;12;31;3;16;28;4;24;15;19;14;9;10;24;23;8;4;10;14;11;11;33;21;28;3;9;32;43;37;5;64;8;8;16;9;4;5;6;27;13;17;5;104;60;6;15;16;6;15;7;14;47;34;9;34;39;17;12;2;11;12;5;9;17;20;14;9;19;8;25;27;11;21;30;44;20;26;5;18;6;2;4;50;5;5;16;21;17;19;7;10;34;6;17;7;13;18;10;12;16;5;5;2;2;25;7;12;19;4;10;19;11;4;13;15;28;14;14;3;19;6;4;19;37;14;5;14;8;15;14;9;10;5;13;17;20;36;15;29;21;22;9;11;9;23;8;7;22;17;6;18;6;13;14;7;10;7;6;9;9;6;15;11;6;8;2;9;10;8;9;3;25;14;7;14;9;13;7;7;7;11;20;18;15;11;5;7;10;10;2;7;13;9;13;7;14;6;12;6;7;6;19;5;17
"grand";182;63;153;151;361;65;34;48;0;112;97;77;203;497;53;187;77;78;128;371;44;77;127;248;222;41;108;305;44;473;114;93;129;61;147;239;49;133;115;48;181;119;104;92;100;102;281;117;77;114;60;62;39;69;107;130;204;67;93;164;153;212;79;495;65;59;66;71;46;78;56;252;73;186;48;793;478;51;160;81;57;42;108;129;288;154;85;131;155;53;84;54;72;61;51;98;63;120;60;69;72;84;284;192;118;86;51;183;169;195;42;72;68;48;78;301;41;63;95;215;58;80;48;115;157;49;44;34;65;70;85;59;154;40;56;52;25;141;60;62;137;64;74;156;83;68;62;103;162;77;62;24;60;60;58;204;260;68;52;102;88;121;84;137;95;47;147;90;122;124;101;88;174;101;80;112;52;170;62;63;108;73;64;100;53;72;106;82;142;59;51;88;57;55;146;75;49;104;125;79;68;60;54;38;125;58;84;97;73;65;34;95;89;42;144;65;97;30;61;37;63;120;31;77;100;34;100;98;104;48;40;62;59;78;74;32;121
"montrer";50;20;32;98;85;32;13;12;112;0;34;24;69;190;18;50;20;62;56;93;30;49;30;60;55;52;23;95;40;99;45;34;51;20;60;94;16;29;43;16;32;22;28;30;38;23;34;32;21;21;21;14;16;23;28;34;53;40;23;38;35;75;15;168;31;13;37;17;32;62;10;67;14;68;23;173;162;18;69;12;21;13;69;47;138;45;17;52;18;35;6;18;8;19;10;18;23;83;18;12;36;25;40;62;59;43;19;49;70;38;20;15;25;42;37;79;21;13;35;94;32;27;14;23;79;5;9;12;12;26;14;15;71;16;17;12;22;35;18;19;42;20;18;49;17;28;10;36;108;25;12;27;44;22;7;54;98;26;27;34;47;34;13;23;38;35;44;18;86;29;24;30;49;26;47;17;24;42;21;22;43;20;6;25;11;18;26;25;21;40;17;27;18;21;94;31;25;13;42;22;28;29;8;34;58;12;18;25;19;11;10;12;36;18;57;7;67;11;23;24;25;14;6;25;18;15;40;26;36;23;21;17;23;17;37;10;43
"place";54;21;69;52;131;9;19;19;97;34;0;23;75;148;18;51;24;16;60;115;6;21;26;75;100;19;20;120;12;109;34;31;25;23;44;50;16;43;32;11;45;48;25;22;21;48;31;50;18;23;20;16;20;18;22;40;79;11;25;37;41;56;18;105;12;23;28;22;11;19;2;45;26;52;6;138;184;15;62;6;28;7;51;37;133;85;29;32;49;10;25;31;20;7;17;45;9;30;17;65;17;21;43;70;63;43;35;39;38;42;15;31;22;15;14;138;15;14;21;34;36;20;10;8;52;23;19;12;12;17;10;17;58;10;6;16;5;52;22;66;35;18;13;24;21;8;9;35;42;16;17;10;17;8;18;47;56;15;11;36;36;16;9;16;54;17;28;9;34;52;28;24;39;37;32;24;15;15;22;10;26;14;19;19;16;27;32;22;34;18;15;55;12;18;58;21;18;32;21;20;39;13;17;9;56;13;21;9;21;16;7;13;31;12;52;39;51;12;7;12;21;17;9;16;26;18;20;30;22;12;17;18;30;33;25;23;24
"tomber";41;30;14;45;69;22;13;8;77;24;23;0;131;132;19;32;14;23;26;52;16;35;27;44;28;8;22;54;16;56;19;7;31;12;24;34;7;30;37;10;30;15;25;11;43;9;27;57;37;16;6;14;5;19;18;15;38;27;27;26;24;55;35;108;14;10;16;5;11;28;14;43;18;34;18;126;137;8;35;8;15;6;45;42;77;20;15;29;12;10;9;9;10;14;18;23;15;95;11;20;13;14;54;32;21;27;15;37;44;31;14;18;5;34;32;75;19;26;29;69;30;54;5;23;40;9;11;14;10;33;12;19;63;17;21;7;53;31;6;4;37;16;3;34;22;10;8;19;35;18;6;9;34;15;7;33;56;18;17;37;51;39;15;38;35;19;28;26;87;24;35;25;56;15;43;7;13;17;15;22;48;26;5;11;7;8;14;14;11;18;8;16;15;14;41;8;17;7;10;5;13;24;20;13;27;6;12;15;11;15;20;27;38;10;30;8;43;12;21;5;14;13;15;13;13;13;7;12;22;10;7;8;8;11;22;8;21
"laisser";128;49;50;135;152;36;33;26;203;69;75;131;0;492;27;135;67;48;91;213;29;71;77;154;123;42;44;188;40;234;87;52;66;35;94;151;38;39;91;28;96;32;61;51;71;42;121;118;54;44;30;33;30;50;60;96;105;44;35;100;83;227;111;417;42;47;78;58;37;46;32;144;67;163;41;318;589;51;130;38;40;24;120;99;237;133;43;121;147;50;26;46;36;63;29;53;30;167;39;75;57;44;108;133;106;84;44;241;190;94;33;54;34;79;67;349;41;47;83;150;77;75;28;51;141;39;22;35;33;83;28;38;144;40;34;34;74;80;43;42;150;28;30;160;63;50;31;85;181;31;37;37;68;51;13;80;177;36;59;74;75;110;46;82;85;58;103;62;107;77;75;68;128;58;60;30;38;63;47;58;106;62;43;83;34;49;64;36;50;44;28;45;47;54;141;63;41;29;52;48;72;44;33;70;104;32;35;56;46;49;46;35;68;37;110;34;143;25;56;25;45;30;40;59;51;25;70;46;87;35;36;26;28;39;66;53;73
"voir";350;118;174;374;439;148;74;85;497;190;148;132;492;0;92;274;135;193;210;518;116;230;168;480;255;134;148;476;96;606;201;133;213;105;279;469;80;116;285;71;278;100;131;131;172;97;342;294;103;82;71;104;56;148;139;203;301;102;125;206;239;461;158;964;82;110;168;113;127;140;93;345;158;371;115;909;1232;84;301;94;96;81;305;301;927;253;103;306;168;111;62;105;78;111;73;126;105;273;94;116;112;111;345;363;290;155;126;272;396;217;101;150;122;111;160;589;74;101;157;478;177;155;83;136;350;64;87;84;75;196;88;158;368;109;89;85;121;179;112;106;377;98;66;403;215;112;49;166;440;119;109;83;150;112;69;346;478;125;96;188;197;271;95;163;182;107;203;124;279;224;185;204;288;175;157;84;89;158;171;120;245;185;48;156;85;113;143;174;145;111;58;136;109;124;327;219;61;112;135;110;142;90;80;121;242;64;94;114;92;116;72;101;164;95;340;60;321;74;119;80;97;77;91;203;113;71;132;124;171;114;74;57;75;81;231;86;181
"bois";23;13;18;43;56;18;6;5;53;18;18;19;27;92;0;24;10;11;19;50;20;12;7;29;36;19;15;42;12;73;31;7;17;19;29;40;11;18;18;9;11;17;32;27;18;13;13;17;29;17;2;4;13;15;11;10;23;18;22;17;5;27;6;38;11;8;5;11;7;42;10;17;16;27;8;47;104;15;22;5;27;8;23;15;37;22;8;12;8;9;2;16;7;3;12;15;4;19;17;5;12;9;16;34;19;34;10;22;20;16;9;11;12;7;13;47;12;6;9;19;9;13;4;0;19;13;1;2;3;6;3;12;14;25;0;7;3;20;6;11;14;6;9;9;2;11;2;14;3;8;2;3;5;7;13;8;26;3;7;21;24;14;2;6;21;16;8;5;15;12;8;11;8;8;8;4;8;2;15;9;11;2;5;10;3;13;8;17;12;34;8;15;9;3;23;14;7;11;21;12;13;23;9;5;8;6;8;0;3;2;4;3;14;8;13;4;12;12;5;5;6;2;1;8;7;3;3;12;7;2;4;5;1;5;18;2;17
"temps";108;28;50;123;160;37;40;26;187;50;51;32;135;274;24;0;36;34;61;235;15;45;57;128;96;25;43;138;25;178;56;32;54;24;64;135;30;35;67;30;91;47;464;39;53;49;96;93;51;32;14;26;32;45;61;73;106;16;21;90;79;114;37;267;27;40;42;33;28;26;22;72;43;95;22;244;296;35;149;31;23;37;87;64;186;84;47;94;74;30;43;29;41;19;39;43;25;71;29;37;49;48;123;156;105;63;53;105;92;88;31;34;48;25;46;187;28;24;42;66;97;41;20;38;86;16;22;22;35;49;24;58;69;22;16;30;19;110;52;41;84;24;26;79;59;27;21;48;93;38;53;15;38;37;22;73;141;28;26;54;43;48;32;49;73;39;61;32;51;97;40;73;64;49;41;46;19;53;41;33;36;37;14;58;23;62;49;34;57;33;29;40;21;26;92;37;24;38;49;48;67;29;28;21;87;26;25;43;31;38;29;21;47;46;95;25;75;29;36;10;34;33;30;38;45;21;46;44;50;28;15;35;26;28;48;26;58
"manière";35;25;12;48;77;25;24;4;77;20;24;14;67;135;10;36;0;34;31;74;6;50;39;49;33;21;29;96;16;85;27;16;55;12;21;51;13;39;33;7;67;15;18;19;22;8;46;32;18;9;5;11;4;20;30;34;30;18;15;43;41;61;13;148;19;20;20;13;19;13;10;34;23;39;12;151;115;16;36;11;16;7;53;36;78;43;12;68;25;25;6;13;11;19;14;13;16;37;15;6;19;21;47;39;22;19;13;55;37;29;12;27;14;13;72;125;24;16;31;48;22;14;22;22;39;11;15;22;10;17;23;13;38;8;4;9;7;35;8;18;28;11;25;49;18;10;15;15;44;26;15;15;11;23;15;48;64;13;18;22;15;30;11;27;34;19;47;20;43;13;39;25;44;31;27;14;11;67;15;17;22;19;10;20;16;19;17;17;18;15;10;17;17;8;45;20;20;21;19;11;12;17;17;12;36;21;11;27;12;18;18;12;17;20;31;20;33;3;36;10;19;13;11;8;10;12;21;17;33;14;9;9;11;17;27;9;25
"figure";43;14;12;79;73;62;11;7;78;62;16;23;48;193;11;34;34;0;31;84;13;51;64;43;34;24;11;83;9;119;20;18;68;13;25;94;15;22;31;9;39;13;32;22;28;16;39;23;16;8;5;15;3;8;18;16;34;65;34;38;30;65;8;111;47;11;22;12;20;77;14;35;18;29;14;153;90;3;52;9;12;10;56;33;65;16;11;28;11;26;9;10;17;16;13;19;35;44;49;6;10;24;50;61;21;24;12;41;32;39;21;54;13;20;38;78;24;29;37;165;17;20;19;42;29;6;9;15;10;9;22;5;54;9;20;10;8;54;16;15;21;20;28;23;20;13;6;6;41;18;10;14;9;12;15;29;107;22;23;22;22;27;11;33;28;26;29;35;76;16;28;26;31;22;34;8;9;26;5;31;19;26;1;13;11;24;8;10;15;14;10;23;11;10;37;21;6;5;28;11;15;18;13;50;54;15;11;20;4;5;5;10;16;11;27;4;32;7;21;15;18;4;17;13;5;11;7;17;20;13;6;4;17;6;19;6;15
"tenir";59;35;38;85;106;33;18;18;128;56;60;26;91;210;19;61;31;31;0;141;14;46;64;95;86;23;32;103;19;157;54;43;56;25;59;78;18;51;50;11;80;24;33;24;35;23;60;68;34;44;25;19;14;33;37;45;61;35;30;46;38;88;28;248;26;20;26;22;21;28;24;72;35;89;28;223;236;22;67;29;28;18;70;59;145;67;35;65;44;27;24;24;22;11;27;24;25;228;25;29;30;30;100;72;86;43;33;85;106;45;19;26;21;60;33;143;23;18;28;103;33;37;30;39;76;24;20;24;26;42;10;28;66;20;19;17;17;48;25;26;76;22;19;58;28;26;26;38;82;25;15;24;58;25;25;61;90;44;33;56;37;43;17;30;52;22;56;22;82;36;40;31;81;38;30;24;18;34;45;40;46;34;21;30;33;22;40;29;56;42;11;33;26;22;79;30;34;30;37;40;33;24;12;17;62;23;23;35;23;33;14;21;35;34;69;16;58;14;52;25;15;22;15;21;25;12;31;34;35;23;16;25;18;17;42;28;28
"donner";251;52;112;245;347;65;59;80;371;93;115;52;213;518;50;235;74;84;141;0;56;94;122;342;182;64;142;287;46;379;135;92;203;48;139;243;55;82;157;62;143;71;93;87;78;61;228;198;88;116;51;83;72;86;157;137;176;44;48;150;137;335;65;588;59;70;113;89;63;72;63;236;99;250;74;548;611;115;149;92;37;57;131;136;370;537;88;137;171;52;65;63;60;49;52;98;63;223;77;90;178;75;319;177;175;129;73;189;257;114;40;51;140;146;99;349;54;61;103;199;90;111;47;87;217;64;67;72;71;108;46;146;190;59;46;83;47;152;103;54;193;51;72;207;110;47;47;158;244;83;102;46;112;70;30;154;294;75;60;129;97;190;84;105;99;55;162;74;122;108;99;127;171;101;194;73;41;119;81;59;124;132;114;78;49;70;92;85;123;54;73;69;53;61;228;67;96;65;79;125;103;55;43;53;161;46;59;112;88;107;47;63;110;65;187;68;172;74;108;50;46;61;53;128;75;40;107;179;92;50;63;54;53;50;124;65;120
"fleur";42;13;6;41;62;21;7;5;44;30;6;16;29;116;20;15;6;13;14;56;0;22;14;52;27;29;13;46;5;74;34;8;27;10;19;91;10;17;27;7;18;10;22;9;19;4;24;20;21;11;14;2;4;10;19;3;19;28;30;19;21;39;12;89;18;8;13;11;11;58;11;21;23;13;15;57;62;10;30;7;12;11;33;21;52;14;3;25;4;22;5;4;8;7;8;8;16;22;25;16;11;17;59;25;24;9;13;32;29;21;6;22;9;18;7;31;8;7;15;49;11;13;12;20;23;18;6;4;5;13;6;15;31;9;7;9;8;31;12;13;26;9;6;46;15;11;4;11;14;11;11;5;8;7;14;38;53;16;7;16;23;57;16;58;16;10;19;24;38;13;19;14;42;8;11;4;5;21;15;9;4;24;2;0;6;10;9;17;11;7;11;7;10;5;24;5;8;8;28;11;10;18;6;12;24;4;6;12;12;6;4;7;7;7;13;6;14;13;8;4;1;2;13;19;5;11;11;2;9;4;7;2;2;5;11;2;12
"regard";71;24;20;75;88;86;15;12;77;49;21;35;71;230;12;45;50;51;46;94;22;0;62;61;31;27;55;99;10;89;35;30;56;27;37;86;19;23;71;7;42;6;31;17;526;9;52;62;19;8;11;17;4;28;25;30;22;36;22;64;43;112;20;262;19;21;42;8;27;38;12;74;28;47;28;235;139;12;67;19;33;17;86;52;97;26;15;59;14;49;13;21;9;43;16;20;43;99;71;31;18;21;84;68;35;33;30;104;67;54;43;49;20;33;120;95;26;63;38;291;36;39;18;51;85;10;8;26;16;35;20;6;115;15;25;25;41;59;13;17;46;26;17;97;31;22;7;26;125;25;12;27;20;27;41;57;174;14;52;37;40;95;35;95;38;51;92;77;86;21;54;34;125;74;82;3;33;27;22;27;42;32;3;18;14;25;18;15;14;10;16;33;30;18;94;33;13;10;30;16;29;39;44;73;83;17;7;45;14;13;19;13;59;13;49;14;64;7;99;23;34;6;22;24;13;7;43;14;62;24;10;4;14;12;43;12;60
"paraître";81;17;19;67;115;63;26;17;127;30;26;27;77;168;7;57;39;64;64;122;14;62;0;69;43;21;27;93;12;99;35;23;65;10;32;97;26;24;50;24;64;19;37;30;38;15;78;44;19;18;14;26;9;38;34;31;37;32;18;40;43;101;16;207;20;21;25;23;14;21;17;57;29;52;29;215;155;13;57;39;20;15;71;58;122;37;10;64;26;27;12;16;26;19;14;18;33;64;29;20;22;17;83;62;33;31;33;48;40;48;25;36;19;25;28;105;21;29;42;114;32;30;14;39;56;23;15;24;24;25;14;31;98;16;16;19;11;40;29;27;43;28;25;55;46;18;14;28;66;20;28;14;34;32;20;64;122;31;22;33;25;44;26;39;37;23;66;25;52;36;30;36;60;37;40;15;17;50;26;33;23;39;11;26;23;20;27;17;29;18;13;27;17;15;78;27;15;20;32;18;28;14;23;27;72;25;21;27;15;28;7;29;29;15;66;6;62;16;32;23;13;19;14;22;10;14;30;33;47;16;12;26;10;18;27;14;50
"jour";308;30;95;186;255;48;65;30;248;60;75;44;154;480;29;128;49;43;95;342;52;61;69;0;167;42;114;241;34;254;103;48;74;21;84;265;66;41;132;70;111;78;65;66;67;64;101;143;55;58;29;45;42;39;59;93;176;38;35;122;95;176;53;365;36;46;67;67;28;40;30;176;74;160;45;307;479;78;204;42;32;36;93;75;381;210;44;104;82;50;37;32;49;28;45;89;53;91;39;84;63;63;255;236;220;96;57;140;133;154;40;59;145;27;52;263;28;43;60;115;74;97;47;45;140;36;32;22;58;86;29;128;141;121;41;61;28;138;32;63;140;33;32;157;95;28;19;71;139;43;98;21;111;30;46;113;190;46;27;88;64;111;53;78;117;65;98;59;75;120;68;79;141;62;56;52;32;65;101;55;69;97;47;87;36;75;67;113;94;32;31;56;33;47;139;57;18;56;44;51;87;39;34;29;117;28;34;73;45;51;39;46;136;68;147;53;96;34;47;41;38;34;52;65;44;37;71;78;72;44;46;40;25;42;86;34;102
"maison";118;31;278;205;252;43;28;14;222;55;100;28;123;255;36;96;33;34;86;182;27;31;43;167;0;53;64;152;29;237;92;84;62;42;171;113;29;64;70;31;97;120;57;52;44;57;79;88;60;60;33;17;56;36;32;91;148;33;41;69;70;157;31;224;38;27;46;64;19;23;9;94;47;138;16;191;311;52;96;45;27;20;56;61;207;178;82;61;100;31;43;44;37;12;16;103;29;39;53;78;33;32;91;122;70;89;39;86;115;85;38;48;53;15;23;172;24;22;28;57;47;37;45;13;86;41;18;21;38;34;44;68;107;31;11;27;16;74;34;53;48;21;17;51;50;45;13;60;75;35;37;17;33;22;19;66;126;23;14;86;63;33;21;21;85;26;52;15;46;89;26;56;38;53;35;48;36;30;40;33;37;25;60;46;25;42;40;38;98;30;25;30;24;49;104;83;31;103;50;28;46;28;25;11;117;29;32;35;39;29;19;27;54;28;70;29;48;26;17;29;30;16;12;29;49;26;36;76;55;30;36;16;36;17;65;37;29
"joli";33;17;34;40;57;24;4;9;41;52;19;8;42;134;19;25;21;24;23;64;29;27;21;42;53;0;21;72;13;161;23;6;36;8;26;78;9;16;25;10;28;20;19;17;14;7;38;29;17;8;7;8;6;13;17;11;61;35;9;24;28;97;5;285;17;14;16;32;14;53;13;56;20;35;11;112;114;7;30;9;13;7;50;34;75;35;12;27;20;7;7;17;16;9;11;15;31;55;18;14;19;24;25;48;19;16;18;19;44;27;9;10;12;15;30;61;5;5;29;58;14;10;7;15;33;10;2;10;7;15;10;12;42;4;5;10;6;24;18;8;33;9;9;45;24;7;3;13;32;13;10;16;11;13;17;37;119;9;23;21;40;34;14;20;17;16;25;7;39;23;19;22;30;9;14;12;6;23;11;10;22;25;10;13;41;14;10;7;20;18;9;8;8;12;40;19;4;12;26;11;16;11;8;13;46;6;14;15;12;15;2;13;17;12;26;5;23;5;18;5;14;7;11;14;7;5;31;21;11;18;6;2;10;10;23;7;18
"recevoir";93;8;17;58;79;22;15;7;108;23;20;22;44;148;15;43;29;11;32;142;13;55;27;114;64;21;0;81;12;74;53;29;23;14;58;60;8;17;65;16;41;24;18;20;25;20;38;45;11;13;18;24;13;28;23;43;52;5;21;53;55;73;24;161;11;20;25;19;18;11;14;64;22;61;29;113;164;23;45;13;12;12;23;46;135;83;28;49;36;10;22;15;9;13;10;31;10;40;10;27;38;19;55;48;72;29;19;51;48;35;8;19;44;19;24;65;9;17;30;49;18;27;31;24;69;18;15;13;24;14;18;46;59;7;15;19;11;30;18;12;53;9;7;58;29;14;16;24;48;20;19;4;146;13;10;67;62;15;8;30;13;32;7;38;41;16;36;16;31;30;33;24;74;26;114;12;2;17;35;21;27;27;8;28;7;15;32;34;36;15;11;30;11;24;71;27;11;24;43;28;33;16;14;13;55;16;14;20;42;14;8;14;41;45;75;15;40;23;21;22;32;9;17;24;23;9;46;32;29;20;14;22;11;32;44;17;47
"mettre";163;68;77;181;290;46;41;47;305;95;120;54;188;476;42;138;96;83;103;287;46;99;93;241;152;72;81;0;64;336;139;84;122;91;171;206;50;88;130;50;158;55;53;80;93;58;162;160;92;54;43;49;41;73;97;150;132;58;53;140;112;220;55;519;54;33;77;62;132;76;53;148;64;170;72;445;535;69;144;79;78;35;156;125;302;180;51;135;99;52;36;78;60;35;42;81;86;301;50;67;90;76;163;164;133;137;76;143;167;113;37;58;62;67;69;379;72;49;104;202;75;96;52;56;174;52;38;36;60;80;55;64;164;51;27;46;60;94;39;52;127;47;28;130;76;53;60;103;180;51;45;37;147;47;33;145;256;61;74;83;220;114;57;84;98;78;132;61;184;109;101;95;162;89;86;51;45;111;81;50;125;67;35;80;40;58;84;88;87;77;47;86;52;50;172;67;60;67;79;51;70;99;49;53;140;40;41;90;63;52;47;54;106;77;128;40;131;47;78;39;47;60;35;55;68;40;67;105;84;55;47;38;35;57;108;43;117
"tirer";26;8;15;38;37;12;27;9;44;40;12;16;40;96;12;25;16;9;19;46;5;10;12;34;29;13;12;64;0;59;19;9;12;14;36;21;8;8;19;2;24;5;17;13;14;4;25;22;22;12;9;9;12;10;7;35;23;9;8;22;17;35;6;69;13;10;12;6;11;13;3;29;15;26;12;78;98;21;30;14;17;19;22;25;53;72;10;14;15;8;7;6;6;10;7;18;12;29;12;4;25;12;30;18;21;13;8;26;35;16;12;5;7;10;14;62;15;8;11;32;15;13;13;6;36;9;6;4;13;13;7;16;21;11;4;8;9;19;15;4;26;10;4;19;13;13;4;11;44;12;6;16;42;13;5;11;50;9;10;21;19;9;6;9;13;14;24;12;26;14;12;16;15;18;33;4;8;13;4;10;25;10;9;90;7;9;11;8;13;19;10;9;6;8;39;7;10;6;10;10;11;13;7;7;23;7;6;13;5;13;7;12;14;16;22;2;34;8;10;9;7;10;8;3;13;1;8;6;13;8;12;8;5;10;18;16;20
"petit";174;123;196;242;379;74;42;40;473;99;109;56;234;606;73;178;85;119;157;379;74;89;99;254;237;161;74;336;59;0;169;91;191;68;195;229;65;95;98;36;153;192;98;96;89;82;215;265;76;63;33;53;53;69;80;134;167;106;83;156;135;373;57;561;133;64;87;62;68;106;38;237;79;235;55;513;622;63;156;74;76;53;178;144;384;209;54;143;113;71;37;62;89;55;57;120;85;187;59;79;71;87;191;180;160;84;66;158;270;156;42;77;83;73;106;378;48;32;122;261;79;60;58;56;211;57;39;38;64;76;31;99;162;48;37;54;46;155;47;70;255;35;35;205;86;66;36;90;253;56;63;73;93;65;33;146;246;57;63;107;147;114;62;70;115;76;161;52;169;130;79;107;138;104;92;41;56;142;84;121;149;73;57;60;98;90;66;88;73;83;46;58;52;53;151;110;30;127;155;37;74;85;35;47;157;47;55;68;48;55;31;47;87;78;183;30;175;49;55;44;63;46;42;77;55;42;70;94;64;93;62;85;36;50;118;49;155
"chambre";119;30;56;100;191;18;7;11;114;45;34;19;87;201;31;56;27;20;54;135;34;35;35;103;92;23;53;139;19;169;0;38;47;24;135;61;10;36;51;11;40;17;35;52;38;43;42;45;10;21;23;14;7;29;22;43;50;25;34;37;30;110;26;424;18;14;55;20;15;38;4;83;22;77;25;125;272;17;75;7;35;13;72;91;201;66;42;67;10;23;17;30;23;15;11;25;13;58;21;43;20;33;44;90;112;39;37;67;76;51;19;36;36;31;42;136;18;12;23;56;19;23;21;8;82;24;15;11;19;13;8;38;115;38;9;18;22;49;19;54;47;15;6;32;23;67;18;29;70;20;12;30;60;19;9;35;64;19;15;75;45;21;7;13;66;51;45;21;39;58;26;31;33;33;27;26;27;17;53;27;46;14;10;34;30;19;34;52;29;21;8;30;23;15;105;106;17;44;95;19;56;50;16;18;56;7;18;25;22;15;9;11;28;33;64;12;50;41;18;15;17;20;9;21;29;21;39;28;48;19;17;7;20;56;53;13;39
"maître";58;13;25;90;98;18;11;9;93;34;31;7;52;133;7;32;16;18;43;92;8;30;23;48;84;6;29;84;9;91;38;0;37;14;32;38;9;16;29;7;41;28;14;23;19;34;33;23;16;14;10;14;17;26;13;30;42;11;13;53;36;52;10;98;23;17;16;16;11;8;3;25;21;64;16;111;145;13;49;25;17;14;41;44;107;69;49;43;26;10;9;17;15;12;13;22;11;40;17;22;17;26;31;39;55;32;19;51;50;50;9;17;22;10;20;103;10;13;26;46;34;15;15;17;66;21;12;6;29;17;10;20;51;12;8;13;6;37;9;15;43;14;7;28;14;16;9;36;70;13;22;16;21;13;9;24;72;11;20;25;19;20;12;14;30;12;24;13;28;29;30;25;21;24;33;10;21;17;17;17;34;12;17;21;9;24;24;20;34;32;9;19;11;14;51;32;11;14;25;14;24;9;14;15;49;19;13;22;19;16;6;12;18;13;47;12;32;8;16;12;13;10;9;20;31;20;16;25;20;9;48;17;8;15;24;18;22
"air";50;24;34;107;123;50;14;8;129;51;25;31;66;213;17;54;55;68;56;203;27;56;65;74;62;36;23;122;12;191;47;37;0;13;46;79;23;33;59;3;66;16;39;26;44;18;73;62;23;10;24;17;7;30;35;38;39;28;18;53;54;110;23;194;31;27;32;17;44;34;10;71;34;61;14;194;201;13;64;13;33;16;289;89;165;36;22;81;18;24;10;16;19;19;12;23;58;84;30;31;19;19;64;57;50;44;27;58;71;40;25;31;22;30;68;272;24;27;44;138;31;23;18;33;119;17;16;15;23;23;16;16;75;15;14;13;17;63;21;17;61;27;20;75;38;39;7;32;178;23;10;36;20;63;8;58;131;21;23;48;37;51;16;29;34;51;65;30;85;31;52;44;57;46;54;8;20;47;32;45;59;19;4;24;20;25;15;18;26;21;23;26;18;13;98;36;18;18;31;15;16;32;26;54;65;16;10;24;11;20;8;17;18;15;56;8;110;12;44;16;20;13;10;30;14;20;27;24;58;17;16;13;15;12;65;17;64
"côté";27;14;37;35;99;12;7;9;61;20;23;12;35;105;19;24;12;13;25;48;10;27;10;21;42;8;14;91;14;68;24;14;13;0;43;28;8;10;28;6;19;14;19;15;23;16;21;20;13;4;4;6;4;9;9;11;17;14;15;16;8;31;9;67;14;2;20;8;8;16;11;31;9;31;5;49;70;11;28;5;38;9;37;19;49;21;13;19;6;9;7;8;11;7;9;19;12;23;12;11;12;11;24;30;22;15;11;18;29;17;9;25;10;12;10;65;14;8;10;31;3;13;13;5;22;5;6;5;2;8;10;7;17;9;6;8;1;18;5;17;15;4;6;16;11;9;3;16;29;10;12;10;14;6;7;10;29;13;7;14;14;19;9;8;11;5;11;6;30;19;12;11;16;15;9;10;9;11;6;7;7;4;3;14;2;6;7;8;11;11;1;8;7;7;31;13;17;22;17;6;9;11;7;5;16;4;9;11;8;9;5;10;16;9;22;7;26;9;7;9;6;14;3;3;5;6;17;9;20;6;3;3;8;3;11;6;25
"porte";61;36;113;103;181;20;15;12;147;60;44;24;94;279;29;64;21;25;59;139;19;37;32;84;171;26;58;171;36;195;135;32;46;43;0;55;14;46;46;6;55;43;45;44;44;12;34;49;24;14;16;15;8;34;15;25;36;21;26;30;37;75;12;176;21;25;26;20;10;30;7;52;20;75;23;157;278;14;88;19;37;12;88;128;182;38;23;44;11;32;18;52;19;6;11;84;17;58;33;31;26;18;27;101;96;36;33;47;51;36;55;61;20;37;47;122;24;19;19;73;29;19;24;25;71;12;4;15;9;21;6;21;133;22;9;11;17;69;30;25;38;16;3;39;18;296;12;27;63;18;11;27;31;28;17;40;80;17;24;100;47;27;14;23;65;51;61;22;58;80;27;26;40;29;54;13;29;24;30;28;48;9;8;32;22;18;28;46;24;33;20;31;28;21;71;104;14;69;114;23;60;32;20;9;59;10;13;16;17;14;15;11;45;19;37;4;23;14;23;23;18;3;10;18;8;14;21;47;48;21;18;11;8;9;45;17;44
"beau";136;27;69;137;258;55;30;31;239;94;50;34;151;469;40;135;51;94;78;243;91;86;97;265;113;78;60;206;21;229;61;38;79;28;55;0;49;54;83;44;83;64;64;54;61;62;166;119;41;65;15;26;31;51;73;46;193;56;48;109;104;222;53;513;36;41;78;100;51;86;69;138;73;108;45;422;355;39;125;41;37;38;106;92;227;126;43;108;114;60;31;40;52;34;40;82;48;135;56;30;44;47;236;145;90;59;44;107;164;120;30;46;47;60;78;210;15;30;66;213;57;59;34;94;116;19;23;26;48;71;92;67;119;35;30;25;48;91;35;55;137;41;47;197;90;28;26;60;153;37;66;23;46;25;43;187;350;53;31;56;97;182;76;168;74;51;82;62;100;78;86;92;143;68;45;60;31;69;57;36;98;80;30;47;40;49;37;69;64;64;52;42;23;34;124;44;22;42;61;46;57;41;31;47;129;36;49;57;36;54;22;34;64;49;84;41;119;41;58;14;38;37;50;60;30;21;78;66;62;41;28;22;16;25;72;29;94
"commencer";59;14;21;27;67;8;9;3;49;16;16;7;38;80;11;30;13;15;18;55;10;19;26;66;29;9;8;50;8;65;10;9;23;8;14;49;0;14;22;14;25;19;16;18;16;6;34;24;18;15;10;16;8;6;17;19;34;6;8;20;24;46;9;88;7;14;20;16;13;13;16;28;18;22;13;69;116;7;26;15;9;3;16;24;53;31;13;39;30;5;7;4;10;11;6;14;10;26;9;10;13;10;64;29;52;19;8;26;31;35;15;15;12;4;13;57;12;10;16;20;21;20;6;19;35;6;5;10;13;15;7;31;80;14;5;8;3;25;16;10;26;10;10;29;21;9;11;9;26;10;11;6;18;14;5;28;47;15;9;20;13;28;16;15;9;9;32;18;19;27;14;13;25;28;15;22;7;18;17;7;13;20;6;19;9;56;18;17;19;10;2;13;15;9;16;12;10;10;10;17;17;11;6;14;18;10;5;20;7;9;6;11;18;15;26;10;22;8;10;11;11;13;9;13;14;4;11;15;17;5;7;13;8;15;14;6;29
"haut";53;78;32;31;79;25;9;16;133;29;43;30;39;116;18;35;39;22;51;82;17;23;24;41;64;16;17;88;8;95;36;16;33;10;46;54;14;0;23;10;44;55;37;18;34;21;37;20;21;14;12;11;7;17;34;35;44;31;16;33;31;43;14;115;23;11;17;25;12;24;17;37;26;41;15;150;116;13;27;22;14;11;32;39;78;29;28;59;52;13;8;6;18;7;12;34;13;36;18;15;13;26;43;44;17;31;7;24;31;30;13;19;10;8;117;58;14;24;23;38;17;5;12;28;35;15;6;14;15;15;13;9;42;13;9;10;4;25;10;17;36;10;17;34;14;14;6;25;45;22;16;17;13;14;15;47;68;9;5;15;43;28;10;22;17;16;24;18;47;50;22;31;38;27;21;9;10;32;13;6;25;11;9;20;8;12;21;14;37;13;5;24;12;12;48;20;23;27;28;18;13;16;18;10;30;16;20;16;19;26;10;14;16;6;29;9;28;15;23;12;21;51;8;11;15;14;27;32;16;4;8;10;15;17;28;6;24
"fois";396;18;54;75;156;33;30;28;115;43;32;37;91;285;18;67;33;31;50;157;27;71;50;132;70;25;65;130;19;98;51;29;59;28;46;83;22;23;0;27;50;25;41;43;57;31;71;64;21;17;18;24;22;27;36;43;70;17;29;60;66;103;34;230;24;26;43;27;28;21;29;75;38;88;25;216;241;38;71;25;21;17;66;72;203;64;33;88;41;20;12;23;21;13;34;33;14;69;35;42;37;30;189;91;62;38;31;131;87;59;30;51;72;23;52;138;20;23;48;130;38;47;27;43;92;19;16;21;29;38;21;65;89;29;23;23;32;68;20;20;64;19;21;99;35;25;11;34;97;40;27;16;42;36;37;63;109;29;30;57;51;80;32;65;59;32;80;45;49;62;67;35;108;55;33;19;17;42;43;35;55;51;11;31;17;25;31;23;28;17;26;40;20;19;82;41;21;26;37;28;31;24;21;27;61;31;15;32;30;29;24;27;100;32;67;22;59;21;37;23;27;20;23;42;21;27;29;27;47;28;17;14;16;12;44;17;47
"année";86;3;18;39;48;11;10;4;48;16;11;10;28;71;9;30;7;9;11;62;7;7;24;70;31;10;16;50;2;36;11;7;3;6;6;44;14;10;27;0;22;17;27;14;11;15;15;20;8;17;11;13;13;23;10;25;46;5;10;31;11;34;16;88;4;11;19;10;0;6;7;21;17;32;5;54;69;25;31;21;7;5;12;8;58;77;9;14;27;9;8;7;5;4;7;23;58;15;13;9;14;9;56;61;24;19;7;30;36;30;6;7;6;4;6;44;2;7;8;23;31;21;6;12;27;10;4;8;9;10;12;52;30;10;9;14;1;31;12;11;23;3;9;18;32;5;4;21;15;9;27;4;16;6;10;26;40;7;6;10;7;29;10;12;26;10;13;14;16;26;20;7;27;19;13;17;5;9;17;15;3;25;17;15;10;18;12;15;20;9;15;11;3;7;19;13;23;8;9;12;8;8;5;1;26;11;10;20;6;12;4;7;73;11;29;14;18;15;8;11;4;14;10;12;9;4;10;8;20;6;10;5;7;5;11;5;6
"gens";77;26;45;102;168;50;22;24;181;32;45;30;96;278;11;91;67;39;80;143;18;42;64;111;97;28;41;158;24;153;40;41;66;19;55;83;25;44;50;22;0;65;28;68;49;44;98;104;28;27;27;50;19;39;67;109;146;17;35;74;110;90;24;226;26;32;20;64;26;23;32;47;41;64;24;285;233;38;66;57;14;38;59;83;174;65;34;92;74;35;11;36;44;38;30;40;30;58;20;36;60;37;150;112;54;64;40;79;74;78;31;27;40;20;38;149;30;48;50;95;43;41;30;56;85;20;25;34;35;28;30;24;100;17;16;24;9;84;19;39;69;22;30;93;61;24;37;34;79;36;26;20;37;28;43;147;575;44;18;56;29;44;44;58;48;27;72;38;57;82;56;56;91;67;32;50;34;123;21;36;38;38;19;48;26;37;51;33;55;39;28;46;25;15;76;43;42;42;46;29;38;27;25;34;46;29;62;40;42;39;24;32;48;20;86;18;54;28;39;34;35;60;19;43;47;12;33;34;32;16;20;14;19;19;38;12;59
"ville";53;23;56;85;112;16;8;15;119;22;48;15;32;100;17;47;15;13;24;71;10;6;19;78;120;20;24;55;5;192;17;28;16;14;43;64;19;55;25;17;65;0;16;15;22;26;33;20;17;6;32;17;14;11;6;36;116;4;19;33;36;52;16;67;16;18;13;27;7;8;7;21;17;43;3;84;143;11;40;26;12;13;26;24;83;43;35;33;37;21;4;16;15;11;7;30;13;13;22;25;17;15;43;62;42;26;17;47;27;35;15;15;45;11;12;57;9;12;21;28;15;20;6;4;28;11;5;12;22;8;19;20;25;10;6;15;5;39;14;38;21;10;11;26;16;10;8;32;32;19;26;4;7;7;18;40;74;11;15;22;24;16;12;10;36;7;22;5;16;36;12;22;16;24;18;32;15;20;30;14;16;8;9;33;10;20;26;21;30;15;11;42;11;13;29;15;13;26;26;10;20;8;12;2;53;14;41;11;13;14;4;4;19;6;33;10;7;18;6;15;16;13;16;13;15;26;16;28;14;10;18;9;9;2;16;8;13
"long";53;28;41;61;86;23;7;19;104;28;25;25;61;131;32;464;18;32;33;93;22;31;37;65;57;19;18;53;17;98;35;14;39;19;45;64;16;37;41;27;28;16;0;19;31;20;45;34;30;18;14;12;8;28;24;22;40;58;23;34;50;57;13;121;31;22;20;5;8;50;18;43;19;34;15;123;150;13;69;13;26;8;46;34;71;21;10;35;25;26;10;15;17;16;13;31;16;71;23;12;12;28;79;64;42;33;25;51;46;35;24;31;12;25;24;74;26;23;43;78;21;24;18;24;31;10;9;13;12;24;6;11;44;12;16;15;27;42;13;18;40;14;14;31;26;16;13;28;38;17;18;14;38;17;12;37;78;16;16;26;44;35;21;39;38;16;32;34;49;26;30;23;42;21;29;8;12;20;24;20;11;22;3;24;16;25;15;26;26;13;6;11;11;9;37;21;16;24;20;13;31;17;23;13;45;13;16;28;15;13;6;6;22;27;30;13;29;6;20;9;19;13;14;17;11;15;25;12;23;9;7;3;8;3;18;9;27
"servir";65;14;17;67;93;19;5;14;92;30;22;11;51;131;27;39;19;22;24;87;9;17;30;66;52;17;20;80;13;96;52;23;26;15;44;54;18;18;43;14;68;15;19;0;23;27;51;36;16;9;10;12;15;26;20;40;42;16;21;38;33;56;18;141;12;21;22;9;14;21;12;46;22;54;12;134;114;18;43;32;13;13;22;33;80;36;23;24;36;14;10;14;16;19;15;23;13;30;17;11;27;22;51;37;39;31;6;40;46;27;11;13;51;16;15;90;9;8;29;33;15;18;6;21;50;12;10;17;16;33;13;27;34;10;3;18;10;33;15;15;36;5;18;43;23;11;14;34;47;18;7;10;22;11;11;44;64;15;8;29;18;27;32;26;24;12;45;18;20;33;16;28;35;37;11;26;6;33;18;13;26;22;8;27;17;14;36;15;30;21;8;22;7;20;50;31;9;31;35;17;27;26;8;7;32;12;23;23;13;27;10;15;30;14;54;10;29;16;18;11;19;20;20;19;31;8;18;22;20;12;11;21;13;17;24;11;27
"jeter";67;20;25;57;102;51;21;9;100;38;21;43;71;172;18;53;22;28;35;78;19;526;38;67;44;14;25;93;14;89;38;19;44;23;44;61;16;34;57;11;49;22;31;23;0;13;48;62;34;14;8;12;11;28;34;33;41;20;20;52;39;109;21;216;16;27;41;11;17;20;27;64;29;67;39;164;187;7;49;22;22;24;80;55;118;43;15;61;21;14;16;23;10;20;15;27;32;86;20;37;36;22;93;50;35;35;26;72;80;47;26;36;15;76;51;139;23;49;34;252;40;37;7;47;62;13;9;12;12;40;12;18;85;19;27;15;41;54;18;15;38;29;14;75;20;23;4;25;81;13;12;33;73;19;17;56;133;14;38;43;71;73;22;68;38;49;83;50;104;32;45;25;68;56;129;11;14;31;26;19;65;32;7;28;11;28;18;22;22;25;10;25;21;12;83;34;10;17;27;23;24;71;34;41;61;18;15;29;15;25;23;17;63;16;58;9;60;6;55;26;21;25;15;22;20;11;36;32;47;14;12;14;9;12;39;15;54
"nommer";84;12;45;61;62;15;9;10;102;23;48;9;42;97;13;49;8;16;23;61;4;9;15;64;57;7;20;58;4;82;43;34;18;16;12;62;6;21;31;15;44;26;20;27;13;0;36;34;14;15;41;14;10;23;20;58;83;7;12;33;49;65;21;103;22;14;30;17;21;6;4;31;29;68;15;144;94;14;30;21;8;9;27;36;100;32;48;37;25;11;27;13;39;8;11;35;4;24;17;13;14;14;23;35;22;48;9;30;31;66;12;7;12;7;23;63;6;5;23;19;19;26;13;9;51;24;8;10;18;15;6;31;29;2;6;12;2;29;7;14;36;14;9;18;13;5;11;48;51;15;17;6;11;8;8;31;88;15;19;25;14;15;12;8;10;14;31;10;25;25;16;13;32;20;9;51;13;23;16;21;19;12;9;18;26;21;38;11;28;12;10;67;6;22;83;22;13;38;18;9;17;14;6;8;29;12;22;16;41;14;7;10;18;14;57;13;32;14;12;24;11;17;9;9;32;14;21;62;34;11;26;18;59;46;42;14;24
"chose";83;31;40;103;217;71;40;24;281;34;31;27;121;342;13;96;46;39;60;228;24;52;78;101;79;38;38;162;25;215;42;33;73;21;34;166;34;37;71;15;98;33;45;51;48;36;0;95;25;36;17;37;21;55;72;75;93;11;36;79;100;105;39;309;23;33;49;24;54;18;48;102;45;95;26;400;302;42;86;56;15;24;89;68;167;94;36;129;60;37;17;17;33;38;58;48;35;66;27;36;34;21;205;130;53;45;41;136;114;109;24;43;20;24;40;198;10;36;35;108;50;58;25;88;157;26;52;36;61;75;35;34;90;16;25;35;17;65;35;51;124;35;39;137;76;15;27;47;143;46;40;22;45;56;30;140;135;64;33;40;32;112;41;70;36;22;90;59;52;68;80;99;110;84;29;42;21;83;28;30;92;40;16;47;18;37;77;35;45;18;41;39;46;26;69;38;24;12;33;40;42;28;32;28;83;47;43;43;39;40;26;45;33;41;75;34;87;32;47;25;26;37;21;45;28;8;40;52;48;23;16;18;18;31;47;12;56
"pauvre";92;34;45;125;177;40;30;23;117;32;50;57;118;294;17;93;32;23;68;198;20;62;44;143;88;29;45;160;22;265;45;23;62;20;49;119;24;20;64;20;104;20;34;36;62;34;95;0;43;25;23;37;22;45;47;48;89;20;34;84;67;324;76;411;19;28;62;127;35;13;20;204;50;167;36;411;349;44;95;23;22;23;93;89;218;113;23;82;76;41;21;22;27;34;31;52;23;86;46;37;72;42;117;59;71;49;41;110;310;83;26;35;38;34;68;197;23;25;37;108;70;95;18;46;130;28;28;16;40;89;37;49;79;34;34;26;63;97;33;23;147;18;12;175;60;28;22;60;135;21;30;20;51;32;34;77;152;39;29;69;53;98;31;59;51;34;75;28;73;59;58;97;152;73;53;22;28;47;43;60;119;48;20;25;113;41;52;54;68;11;29;28;30;50;82;34;21;15;29;26;50;24;33;26;92;16;21;26;24;50;46;57;64;33;131;32;105;38;46;37;31;9;38;40;20;20;32;28;50;46;28;14;20;22;43;31;62
"terre";34;21;15;49;80;24;13;8;77;21;18;37;54;103;29;51;18;16;34;88;21;19;19;55;60;17;11;92;22;76;10;16;23;13;24;41;18;21;21;8;28;17;30;16;34;14;25;43;0;40;7;4;47;14;8;19;40;11;16;25;33;42;22;90;21;13;16;26;11;16;13;30;24;50;4;97;121;24;48;15;13;9;39;31;76;81;18;31;36;22;15;21;9;6;12;45;8;51;17;14;23;16;39;37;14;25;12;40;41;27;14;25;11;18;26;70;176;8;10;42;22;17;5;10;40;10;5;13;5;36;8;17;40;8;13;14;17;38;14;20;23;7;3;35;21;14;6;23;50;12;14;9;7;9;12;17;34;18;18;19;52;37;11;22;47;19;21;14;27;25;17;22;24;27;23;17;17;10;9;8;33;22;48;20;11;20;9;14;43;22;32;23;9;10;58;20;12;18;5;17;12;19;8;8;36;11;32;7;3;14;16;8;21;11;30;7;37;9;21;9;8;3;8;8;23;8;10;38;35;8;15;4;10;4;12;5;12
"livre";36;5;14;46;59;5;11;4;114;21;23;16;44;82;17;32;9;8;44;116;11;8;18;58;60;8;13;54;12;63;21;14;10;4;14;65;15;14;17;17;27;6;18;9;14;15;36;25;40;0;16;11;42;10;15;26;41;7;7;32;35;61;4;87;13;21;13;51;11;5;11;27;28;49;71;76;88;26;45;17;9;9;19;14;61;139;17;23;73;8;14;2;11;12;10;22;22;22;10;11;18;13;39;45;21;20;15;30;33;34;6;13;7;2;13;70;9;6;9;21;17;13;6;11;37;15;13;5;14;21;8;27;30;11;8;16;5;46;15;20;46;11;11;18;4;22;9;16;32;10;24;5;21;6;9;21;45;17;7;7;10;15;12;10;27;4;23;9;23;18;13;27;14;11;10;20;4;13;23;20;21;15;340;11;12;8;14;11;18;7;33;8;6;10;20;8;13;8;16;8;22;9;2;3;40;10;12;16;9;9;6;7;9;39;25;10;30;12;4;11;4;15;6;15;6;4;18;26;18;6;11;26;8;10;8;15;31
"juge";44;7;21;79;44;7;11;10;60;21;20;6;30;71;2;14;5;5;25;51;14;11;14;29;33;7;18;43;9;33;23;10;24;4;16;15;10;12;18;11;27;32;14;10;8;41;17;23;7;16;0;22;5;13;9;64;37;3;3;29;48;22;4;46;6;9;17;12;5;1;4;12;14;30;13;69;78;9;28;14;8;9;34;25;70;27;16;30;12;7;0;4;10;10;10;9;9;32;12;10;6;9;28;17;21;24;14;25;37;29;6;6;9;6;7;48;13;10;6;24;14;14;14;10;39;13;12;9;7;20;3;13;31;7;2;6;2;20;6;5;14;3;7;9;9;9;21;50;54;16;10;9;10;19;9;14;38;6;6;20;11;10;8;7;9;6;22;10;12;21;13;23;14;14;7;9;5;14;11;14;19;2;13;16;7;8;17;10;14;8;6;11;9;10;29;23;23;26;11;10;17;1;1;8;16;13;3;17;9;23;1;8;14;9;29;9;38;5;19;11;11;11;2;4;43;3;26;12;28;8;22;3;11;14;5;14;7
"cause";43;14;12;34;64;12;9;14;62;14;16;14;33;104;4;26;11;15;19;83;2;17;26;45;17;8;24;49;9;53;14;14;17;6;15;26;16;11;24;13;50;17;12;12;12;14;37;37;4;11;22;0;7;16;17;35;36;5;12;24;40;36;15;102;11;7;17;11;6;5;18;53;19;39;9;99;85;9;34;23;4;14;22;13;62;24;10;33;27;12;12;7;14;27;15;22;12;14;12;24;15;14;48;37;10;21;32;38;48;21;12;17;8;7;14;55;7;26;14;25;26;29;8;21;38;11;10;10;19;21;8;9;31;5;18;6;12;26;14;12;29;9;20;43;18;5;10;20;37;36;19;6;20;9;15;40;41;12;18;15;12;30;10;27;21;10;26;20;23;19;19;15;28;25;18;15;9;25;10;13;16;23;1;16;12;16;28;11;23;4;9;16;7;16;30;14;14;10;9;18;13;11;15;10;38;28;12;34;12;24;12;51;12;18;38;7;27;11;5;7;19;27;13;14;21;7;14;28;18;9;8;6;13;14;18;4;27
"vendre";16;11;29;29;44;6;17;11;39;16;20;5;30;56;13;32;4;3;14;72;4;4;9;42;56;6;13;41;12;53;7;17;7;4;8;31;8;7;22;13;19;14;8;15;11;10;21;22;47;42;5;7;0;19;7;32;28;5;3;14;22;32;13;60;6;11;12;17;4;4;8;28;9;51;4;59;96;53;23;14;3;12;21;17;56;148;9;20;27;5;15;5;2;3;4;18;6;6;15;10;31;7;26;23;13;17;14;24;29;18;7;3;5;5;6;29;4;2;7;10;14;17;4;4;35;29;7;4;11;11;5;20;20;4;3;4;3;26;4;11;59;2;2;20;7;1;5;19;28;10;9;7;10;8;5;10;21;10;5;10;6;8;4;11;25;1;14;5;18;14;3;18;6;16;8;9;1;12;9;9;20;7;53;14;5;4;6;12;15;18;25;12;5;6;31;9;14;10;4;10;11;3;1;4;15;5;12;11;10;15;8;2;18;9;16;15;22;9;5;3;8;6;2;12;6;5;10;13;14;6;18;19;3;5;10;12;13
"doute";36;13;27;46;98;21;14;11;69;23;18;19;50;148;15;45;20;8;33;86;10;28;38;39;36;13;28;73;10;69;29;26;30;9;34;51;6;17;27;23;39;11;28;26;28;23;55;45;14;10;13;16;19;0;18;27;39;19;24;39;37;48;21;123;17;16;31;12;16;11;16;46;14;39;13;137;152;18;56;13;14;18;54;47;131;27;14;40;28;26;14;12;17;20;15;25;14;32;13;21;19;26;74;28;32;23;21;41;38;26;13;27;13;9;33;66;13;11;16;46;31;27;8;21;53;12;17;16;21;32;4;15;59;21;10;15;9;25;12;14;33;22;8;50;29;18;13;19;84;16;16;6;38;23;12;43;72;16;18;30;27;54;11;22;31;24;30;32;27;36;30;38;45;35;27;17;9;26;15;25;21;22;5;19;10;16;18;20;22;16;10;21;17;18;48;15;13;15;21;18;31;14;16;14;50;16;13;29;16;29;13;22;35;25;53;10;29;23;17;12;17;11;14;27;21;7;23;24;24;7;11;7;7;13;23;7;25
"idée";47;8;20;46;98;22;31;33;107;28;22;18;60;139;11;61;30;18;37;157;19;25;34;59;32;17;23;97;7;80;22;13;35;9;15;73;17;34;36;10;67;6;24;20;34;20;72;47;8;15;9;17;7;18;0;30;63;13;27;42;38;73;19;163;13;18;28;11;14;13;18;62;28;49;16;199;122;6;45;24;7;23;37;37;115;31;19;61;43;26;6;2;15;14;16;23;15;21;14;24;11;27;109;68;29;21;26;62;56;52;17;22;5;9;31;107;11;17;19;50;33;31;14;74;47;9;15;25;10;22;29;19;66;15;10;29;12;38;16;14;33;15;28;48;31;7;16;17;59;23;31;11;19;19;18;67;84;10;30;26;19;51;27;57;28;10;63;30;64;36;53;50;72;33;26;21;16;89;12;20;27;25;8;26;13;25;31;25;27;6;11;14;20;12;38;30;12;16;11;34;13;11;15;24;38;22;21;27;7;29;19;20;21;14;34;9;38;10;26;11;18;33;16;38;8;8;12;21;21;11;13;10;4;6;15;10;23
"affaire";81;21;27;102;130;21;33;21;130;34;40;15;96;203;10;73;34;16;45;137;3;30;31;93;91;11;43;150;35;134;43;30;38;11;25;46;19;35;43;25;109;36;22;40;33;58;75;48;19;26;64;35;32;27;30;0;90;3;13;62;104;47;15;123;20;25;49;24;21;1;5;49;27;81;23;262;291;45;77;70;12;43;60;58;160;129;42;126;51;19;18;11;23;17;19;22;26;53;27;25;44;22;68;60;81;39;29;54;46;69;16;16;38;14;33;145;16;21;22;49;41;37;20;11;94;45;53;18;26;25;19;30;73;26;13;24;11;39;24;62;71;10;18;35;27;13;27;56;130;29;25;19;41;30;25;50;81;26;23;57;11;9;13;11;55;20;51;17;38;72;26;44;44;48;38;23;22;30;30;19;57;18;23;51;40;46;60;32;50;12;26;58;49;27;93;30;28;25;15;23;42;11;13;7;64;41;23;46;45;32;21;26;28;25;78;19;85;29;21;16;28;64;11;19;32;13;20;28;34;23;62;28;17;62;50;26;35
"pari";142;23;118;96;217;30;38;28;204;53;79;38;105;301;23;106;30;34;61;176;19;22;37;176;148;61;52;132;23;167;50;42;39;17;36;193;34;44;70;46;146;116;40;42;41;83;93;89;40;41;37;36;28;39;63;90;0;13;43;78;141;95;35;310;27;23;28;65;23;9;16;91;53;97;28;304;383;29;89;48;11;21;45;51;320;157;46;80;129;31;33;60;35;11;22;52;24;48;39;78;44;38;143;154;82;58;51;99;75;105;26;23;46;10;21;146;18;19;40;74;58;53;31;21;92;30;28;19;53;24;22;82;109;29;17;36;12;111;26;38;98;27;16;77;63;12;21;87;87;31;38;17;70;15;44;132;176;46;34;51;56;53;39;25;107;18;66;29;42;75;40;55;74;59;35;57;31;63;48;24;54;44;41;82;20;41;39;56;73;52;28;62;25;43;93;43;37;61;70;41;46;14;14;12;65;30;43;36;36;36;7;27;51;59;90;37;49;69;18;23;30;32;21;65;61;22;50;74;55;27;59;31;25;31;54;19;81
"noir";33;46;22;61;53;27;9;3;67;40;11;27;44;102;18;16;18;65;35;44;28;36;32;38;33;35;5;58;9;106;25;11;28;14;21;56;6;31;17;5;17;4;58;16;20;7;11;20;11;7;3;5;5;19;13;3;13;0;11;20;3;36;5;63;43;6;8;8;3;122;8;30;9;10;10;100;48;2;20;5;9;10;27;16;38;19;10;20;5;15;7;4;13;7;6;13;14;38;18;6;11;58;21;33;24;14;15;11;19;33;14;19;3;15;17;39;8;19;20;166;11;19;12;4;12;10;1;6;3;6;9;6;23;11;9;3;6;15;14;12;20;11;9;12;5;19;6;7;13;13;2;7;14;2;5;9;55;11;13;26;31;13;7;15;8;10;24;15;54;9;10;5;22;10;18;3;9;9;9;11;4;8;2;12;6;2;8;8;6;8;6;7;3;7;8;6;4;16;8;7;10;20;6;6;14;2;3;4;6;1;3;2;15;6;10;4;12;7;7;5;14;6;4;7;11;11;12;9;7;2;4;5;8;1;8;3;9
"milieu";38;15;31;33;125;17;7;9;93;23;25;27;35;125;22;21;15;34;30;48;30;22;18;35;41;9;21;53;8;83;34;13;18;15;26;48;8;16;29;10;35;19;23;21;20;12;36;34;16;7;3;12;3;24;27;13;43;11;0;23;16;32;6;107;13;19;9;10;16;24;17;28;12;18;9;93;81;4;46;13;10;6;30;41;54;14;6;20;22;13;4;14;12;9;10;26;14;27;12;18;10;8;57;41;27;27;11;38;36;14;20;25;11;12;32;44;16;23;12;36;18;20;10;22;16;11;5;10;11;21;9;28;52;38;13;12;11;52;12;15;21;11;9;26;17;13;11;15;22;11;7;5;28;15;17;44;55;11;18;16;27;32;9;18;20;10;33;28;26;17;23;17;28;18;27;9;13;15;13;9;16;24;1;11;8;12;11;12;32;17;4;22;21;10;36;11;8;27;41;9;7;24;34;9;21;9;8;16;6;9;2;10;21;10;19;12;16;6;18;3;14;16;11;18;10;12;9;11;16;9;7;3;8;1;13;10;24
"rendre";88;20;51;91;128;34;21;32;164;38;37;26;100;206;17;90;43;38;46;150;19;64;40;122;69;24;53;140;22;156;37;53;53;16;30;109;20;33;60;31;74;33;34;38;52;33;79;84;25;32;29;24;14;39;42;62;78;20;23;0;57;124;27;287;22;33;58;34;29;27;29;90;48;85;29;267;267;25;65;40;19;23;51;51;147;108;27;49;77;19;21;23;24;25;20;54;25;70;31;22;56;40;153;72;73;57;37;80;101;76;19;29;40;18;53;155;13;28;45;78;46;49;17;60;81;27;18;28;25;42;22;45;98;16;28;34;29;41;28;29;84;17;33;90;178;13;39;44;86;36;49;19;51;19;17;65;130;29;26;45;34;102;33;68;56;28;69;34;58;47;57;31;75;30;45;37;16;57;33;31;42;66;16;36;31;24;23;34;50;16;18;45;21;31;83;29;37;27;31;23;44;23;23;28;69;19;36;36;43;49;28;40;62;34;96;27;66;13;49;23;28;37;21;44;41;12;31;44;43;19;25;22;18;26;58;21;53
"connaître";86;20;39;85;128;30;25;43;153;35;41;24;83;239;5;79;41;30;38;137;21;43;43;95;70;28;55;112;17;135;30;36;54;8;37;104;24;31;66;11;110;36;50;33;39;49;100;67;33;35;48;40;22;37;38;104;141;3;16;57;0;105;26;291;18;30;45;35;40;13;30;104;54;97;27;337;217;24;55;51;12;11;52;68;147;78;33;88;76;17;24;19;31;28;27;39;16;54;26;29;36;31;162;86;49;42;33;121;108;59;25;28;19;26;48;127;20;34;36;68;42;49;28;54;112;23;25;20;38;48;21;37;93;15;36;31;19;50;27;21;89;23;53;125;43;15;37;44;144;24;30;15;45;29;27;118;130;27;20;43;26;107;45;69;37;21;71;37;50;43;51;60;92;35;36;37;19;50;32;31;74;60;31;34;30;42;55;32;54;24;24;43;28;24;96;28;33;20;24;26;41;19;22;19;73;25;39;105;31;42;11;42;31;45;111;17;110;28;38;27;16;37;24;50;26;16;50;106;47;20;32;24;28;44;51;20;65
"fille";176;50;55;494;275;69;33;37;212;75;56;55;227;461;27;114;61;65;88;335;39;112;101;176;157;97;73;220;35;373;110;52;110;31;75;222;46;43;103;34;90;52;57;56;109;65;105;324;42;61;22;36;32;48;73;47;95;36;32;124;105;0;102;543;44;57;110;101;34;58;42;474;248;371;38;327;414;29;145;43;36;37;149;127;307;130;67;134;150;51;29;27;41;56;34;84;41;158;57;64;59;56;184;115;75;94;61;146;217;129;19;71;49;59;99;303;25;49;79;203;67;84;37;101;176;42;35;43;60;94;85;68;142;36;44;23;46;141;47;43;148;46;62;213;101;51;23;113;196;39;155;41;55;49;40;137;982;69;45;82;55;168;53;95;68;59;126;60;117;78;68;111;197;90;75;47;38;86;64;91;149;90;62;66;56;57;64;50;111;23;40;66;49;67;135;42;27;44;48;35;70;38;42;42;260;40;26;71;35;83;40;61;70;31;102;41;147;39;59;59;48;24;34;69;41;14;94;76;81;67;58;6;21;22;162;43;39
"mourir";45;13;12;65;62;18;6;5;79;15;18;35;111;158;6;37;13;8;28;65;12;20;16;53;31;5;24;55;6;57;26;10;23;9;12;53;9;14;34;16;24;16;13;18;21;21;39;76;22;4;4;15;13;21;19;15;35;5;6;27;26;102;0;162;10;7;29;22;14;12;17;88;41;97;9;124;171;14;50;7;7;12;29;26;118;38;6;36;34;8;8;4;15;14;9;30;12;42;10;16;15;16;78;25;23;28;19;56;92;43;10;17;7;17;26;62;12;10;18;52;38;78;7;21;61;14;12;8;13;39;19;32;59;8;38;12;28;78;13;9;54;11;5;91;36;10;14;44;52;7;18;14;15;12;9;34;63;11;16;31;17;59;21;31;34;11;29;18;46;19;39;23;56;29;28;17;11;18;14;22;45;34;12;15;10;15;19;11;26;6;16;20;11;23;43;13;14;5;10;8;16;11;16;7;38;6;14;23;15;18;49;18;49;9;39;7;46;8;19;20;8;5;16;15;20;4;19;24;29;7;12;4;10;7;24;8;23
"femme";354;82;129;441;600;146;78;64;495;168;105;108;417;964;38;267;148;111;248;588;89;262;207;365;224;285;161;519;69;561;424;98;194;67;176;513;88;115;230;88;226;67;121;141;216;103;309;411;90;87;46;102;60;123;163;123;310;63;107;287;291;543;162;0;81;103;445;131;138;107;116;392;254;223;101;1107;840;88;287;105;92;83;282;266;560;216;97;288;207;143;65;107;101;133;117;157;80;252;103;130;94;109;475;308;221;193;116;365;496;275;54;139;98;117;169;608;67;102;202;393;161;174;76;261;341;74;81;105;108;141;140;129;360;87;93;73;113;272;104;98;327;99;104;735;259;75;74;117;390;89;160;93;160;90;113;402;772;152;107;176;147;516;220;221;162;100;229;142;203;195;219;189;438;203;121;85;79;262;121;77;227;230;63;134;67;105;110;112;165;80;76;95;94;51;393;135;84;81;155;80;143;102;76;113;198;100;80;209;108;146;86;138;151;104;274;69;257;75;142;40;126;72;83;186;63;54;195;118;209;74;63;26;67;106;206;53;120
"gros";37;35;25;44;50;13;8;8;65;31;12;14;42;82;11;27;19;47;26;59;18;19;20;36;38;17;11;54;13;133;18;23;31;14;21;36;7;23;24;4;26;16;31;12;16;22;23;19;21;13;6;11;6;17;13;20;27;43;13;22;18;44;10;81;0;9;7;17;30;36;4;25;16;50;10;111;79;10;27;16;9;8;22;22;61;51;9;18;12;15;16;12;20;7;11;20;9;41;22;11;19;44;21;36;18;18;7;23;38;23;6;13;9;15;41;65;12;4;35;70;11;6;6;5;31;11;4;12;3;6;6;17;33;3;3;5;35;15;7;14;18;8;14;25;14;14;9;21;40;12;10;14;16;9;8;14;40;12;9;21;35;14;6;12;11;11;21;8;50;16;12;16;26;14;18;6;16;18;12;6;27;12;5;11;18;9;6;7;11;20;13;10;4;10;16;17;10;10;11;12;14;9;8;10;21;6;10;4;6;6;3;7;8;10;16;4;30;8;13;10;11;7;7;4;6;12;5;14;7;10;13;11;9;4;25;5;6
"permettre";35;18;14;33;50;11;5;8;59;13;23;10;47;110;8;40;20;11;20;70;8;21;21;46;27;14;20;33;10;64;14;17;27;2;25;41;14;11;26;11;32;18;22;21;27;14;33;28;13;21;9;7;11;16;18;25;23;6;19;33;30;57;7;103;9;0;25;21;11;9;24;28;15;35;9;97;82;13;32;16;7;7;46;35;71;26;10;29;35;16;6;16;20;9;7;19;9;26;22;18;9;15;46;37;24;25;16;53;40;18;6;30;10;12;28;70;8;20;15;41;19;10;11;30;25;8;6;13;11;17;9;21;37;16;7;11;6;27;13;16;34;17;9;39;16;10;13;20;44;17;16;5;19;18;11;33;67;9;21;24;20;34;17;28;19;11;43;20;14;27;19;22;31;14;12;8;7;28;17;13;12;15;10;6;7;8;12;8;16;3;2;19;11;9;38;18;14;9;9;5;14;8;24;13;34;12;6;19;20;17;6;6;18;11;26;13;22;8;13;13;11;14;8;19;10;6;16;18;28;7;11;6;9;11;15;7;14
"mari";63;20;15;49;125;26;17;16;66;37;28;16;78;168;5;42;20;22;26;113;13;42;25;67;46;16;25;77;12;87;55;16;32;20;26;78;20;17;43;19;20;13;20;22;41;30;49;62;16;13;17;17;12;31;28;49;28;8;9;58;45;110;29;445;7;25;0;16;17;4;10;73;49;82;20;132;175;19;45;15;20;19;85;50;118;66;17;59;58;13;9;11;14;33;20;17;17;62;19;43;17;25;57;58;39;33;22;71;102;46;11;33;27;27;31;109;9;21;28;54;28;38;17;20;83;9;19;6;27;34;14;22;70;12;18;6;31;63;24;17;90;10;20;98;50;13;13;30;104;17;48;26;36;22;18;54;77;23;17;41;25;59;20;22;38;22;50;21;41;33;32;28;83;31;29;21;17;18;26;14;40;34;16;39;14;18;23;18;38;15;13;24;26;14;112;26;22;15;28;14;28;21;16;18;34;24;12;27;21;25;18;28;23;17;45;20;57;17;29;6;21;9;11;26;15;10;35;30;40;14;15;2;21;21;46;14;16
"riche";33;10;19;53;81;14;14;9;71;17;22;5;58;113;11;33;13;12;22;89;11;8;23;67;64;32;19;62;6;62;20;16;17;8;20;100;16;25;27;10;64;27;5;9;11;17;24;127;26;51;12;11;17;12;11;24;65;8;10;34;35;101;22;131;17;21;16;0;11;12;17;38;57;71;8;133;107;30;29;19;2;3;29;15;62;100;24;26;77;10;11;8;26;7;17;20;16;24;17;11;34;16;56;41;9;27;10;29;47;74;6;7;9;9;16;52;9;8;17;31;20;14;10;14;45;14;6;6;22;18;22;21;24;6;3;6;5;39;9;11;34;5;6;41;35;6;8;42;43;9;32;8;8;3;16;27;93;11;9;17;23;36;17;23;32;10;19;17;25;13;12;28;32;22;14;27;9;21;13;12;25;30;67;22;25;12;11;13;45;11;12;19;8;19;35;10;16;17;22;12;12;2;5;6;47;7;25;12;8;18;5;22;15;8;33;17;29;6;5;6;8;8;5;19;20;5;11;26;22;15;23;6;8;21;15;17;11
"rire";32;14;10;38;51;15;6;4;46;32;11;11;37;127;7;28;19;20;21;63;11;27;14;28;19;14;18;132;11;68;15;11;44;8;10;51;13;12;28;0;26;7;8;14;17;21;54;35;11;11;5;6;4;16;14;21;23;3;16;29;40;34;14;138;30;11;17;11;0;12;8;21;19;30;9;107;93;12;33;10;6;14;60;40;69;30;11;43;12;19;7;15;16;10;6;16;18;29;10;12;15;5;30;30;19;21;13;36;31;17;12;18;11;11;18;87;13;9;23;29;18;22;12;15;51;6;6;8;13;13;3;6;40;8;4;2;13;22;8;14;38;16;10;51;16;6;6;17;111;7;10;14;14;16;7;41;76;19;6;19;10;24;11;17;20;17;49;10;27;21;17;16;28;24;29;9;9;33;17;12;58;7;5;33;13;15;9;14;11;13;11;15;29;7;60;12;14;9;16;9;11;23;18;29;45;11;6;14;18;17;9;13;18;6;41;3;70;6;12;12;3;16;10;17;11;11;28;14;26;20;8;6;11;19;25;11;38
"blanc";31;40;16;55;50;30;9;5;78;62;19;28;46;140;42;26;13;77;28;72;58;38;21;40;23;53;11;76;13;106;38;8;34;16;30;86;13;24;21;6;23;8;50;21;20;6;18;13;16;5;1;5;4;11;13;1;9;122;24;27;13;58;12;107;36;9;4;12;12;0;15;27;20;18;18;68;66;8;23;2;18;5;30;17;48;33;12;19;4;22;19;7;7;10;7;11;24;90;24;11;18;54;24;41;16;17;10;29;25;53;11;21;9;16;20;49;8;9;39;122;10;10;19;8;23;12;4;5;5;4;11;10;29;3;9;5;14;35;18;4;15;5;9;21;16;21;4;14;22;18;3;9;17;6;4;18;61;9;16;24;35;34;13;23;16;13;14;16;74;18;21;5;28;7;18;7;6;8;13;34;8;11;2;12;18;11;5;12;7;15;10;9;4;3;24;14;7;1;31;1;13;27;6;16;14;2;6;13;12;4;3;4;28;9;13;2;18;7;14;6;13;0;12;8;5;10;8;12;9;6;5;3;4;3;16;1;17
"nature";24;4;4;13;49;20;18;6;56;10;2;14;32;93;10;22;10;14;24;63;11;12;17;30;9;13;14;53;3;38;4;3;10;11;7;69;16;17;29;7;32;7;18;12;27;4;48;20;13;11;4;18;8;16;18;5;16;8;17;29;30;42;17;116;4;24;10;17;8;15;0;23;6;13;4;121;50;4;20;14;1;13;15;11;25;16;6;25;10;12;4;4;9;18;13;11;4;11;11;7;6;3;52;19;18;9;10;31;39;25;8;9;2;2;12;44;10;9;23;29;15;23;8;47;21;7;2;22;9;16;9;8;29;5;16;6;8;33;13;6;21;5;24;49;18;0;34;5;21;27;9;6;9;4;16;33;48;23;14;11;9;69;22;57;14;5;22;24;13;8;22;17;57;19;12;10;8;38;9;1;8;21;1;6;4;7;12;7;10;4;6;13;5;2;19;15;8;4;6;13;8;7;8;12;10;22;10;24;6;21;5;13;13;5;16;6;10;5;13;2;23;10;10;31;5;3;8;9;5;4;3;2;1;4;13;4;16
"mère";120;26;46;191;165;45;27;27;252;67;45;43;144;345;17;72;34;35;72;236;21;74;57;176;94;56;64;148;29;237;83;25;71;31;52;138;28;37;75;21;47;21;43;46;64;31;102;204;30;27;12;53;28;46;62;49;91;30;28;90;104;474;88;392;25;28;73;38;21;27;23;0;136;402;40;192;341;30;119;16;24;26;109;104;263;113;23;105;94;45;30;23;40;49;21;60;36;114;27;69;45;44;178;108;84;77;41;126;461;100;24;43;41;55;83;209;24;34;50;151;60;89;23;65;121;27;26;31;52;82;46;60;125;33;59;29;74;110;27;36;188;18;20;168;92;28;11;185;154;29;78;42;80;56;24;87;273;36;37;65;40;104;22;64;84;59;89;53;68;57;69;73;209;66;49;19;50;43;64;37;123;78;37;50;37;39;26;55;133;21;20;28;46;93;93;43;31;29;39;24;49;24;45;55;115;32;14;55;21;53;34;57;45;57;94;27;94;45;51;21;38;19;34;55;21;12;48;41;55;38;25;4;6;8;65;34;41
"marier";70;17;25;75;108;20;16;13;73;14;26;18;67;158;16;43;23;18;35;99;23;28;29;74;47;20;22;64;15;79;22;21;34;9;20;73;18;26;38;17;41;17;19;22;29;29;45;50;24;28;14;19;9;14;28;27;53;9;12;48;54;248;41;254;16;15;49;57;19;20;6;136;0;84;19;132;149;19;44;25;9;14;35;37;116;55;27;48;62;11;30;14;19;24;18;24;14;33;16;32;22;19;72;48;37;32;19;53;97;51;8;17;15;31;32;103;14;10;19;64;25;33;15;20;55;25;9;11;24;30;22;32;59;12;11;21;15;49;21;16;73;9;11;82;43;5;10;50;76;13;83;13;27;13;9;42;142;10;9;29;19;56;17;24;33;10;44;24;31;23;21;54;46;27;22;14;15;29;29;14;50;35;31;33;29;20;10;15;44;8;16;16;10;27;95;16;13;14;9;8;26;14;20;14;99;16;18;27;17;23;10;19;23;16;62;19;61;8;21;11;14;10;16;13;16;10;43;27;58;18;22;3;16;3;38;11;14
"père";112;37;53;214;191;32;35;17;186;68;52;34;163;371;27;95;39;29;89;250;13;47;52;160;138;35;61;170;26;235;77;64;61;31;75;108;22;41;88;32;64;43;34;54;67;68;95;167;50;49;30;39;51;39;49;81;97;10;18;85;97;371;97;223;50;35;82;71;30;18;13;402;84;0;38;251;430;55;112;42;31;29;114;109;273;159;49;123;152;29;35;36;43;32;24;41;27;104;29;68;67;44;110;76;94;70;31;97;307;100;22;35;41;40;85;211;24;38;41;120;54;120;28;32;171;36;31;21;59;89;23;47;127;24;23;35;35;90;26;43;132;12;19;165;74;33;30;287;231;33;68;28;64;52;21;81;171;42;30;70;45;76;25;38;95;42;80;41;92;61;42;82;102;72;38;36;36;39;44;97;142;60;57;53;42;46;48;51;148;37;36;33;37;80;154;57;21;28;30;26;56;46;45;29;89;29;22;51;45;58;34;41;58;52;86;27;132;42;57;22;40;17;31;37;59;17;68;75;65;45;45;17;20;12;76;51;43
"lire";59;8;18;43;70;16;6;5;48;23;6;18;41;115;8;22;12;14;28;74;15;28;29;45;16;11;29;72;12;55;25;16;14;5;23;45;13;15;25;5;24;3;15;12;39;15;26;36;4;71;13;9;4;13;16;23;28;10;9;29;27;38;9;101;10;9;20;8;9;18;4;40;19;38;0;87;99;14;30;11;14;5;37;36;69;34;12;33;13;10;7;5;5;23;5;19;5;37;11;8;13;12;38;37;52;19;19;25;42;28;4;23;22;6;19;75;2;16;8;63;15;19;13;22;49;9;7;7;25;20;13;15;41;27;9;21;12;25;7;11;48;9;9;38;16;28;8;22;50;13;10;6;250;15;6;25;49;19;8;18;19;45;9;48;23;15;57;24;20;16;35;27;66;28;19;7;12;22;33;16;28;11;4;17;8;12;15;23;17;3;2;14;7;9;42;21;7;6;8;17;18;19;9;13;36;14;5;17;8;15;6;7;15;110;36;5;29;13;6;14;15;10;14;16;8;10;22;34;23;9;4;88;3;12;20;8;57
"homme";321;93;136;260;558;146;74;104;793;173;138;126;318;909;47;244;151;153;223;548;57;235;215;307;191;112;113;445;78;513;125;111;194;49;157;422;69;150;216;54;285;84;123;134;164;144;400;411;97;76;69;99;59;137;199;262;304;100;93;267;337;327;124;1107;111;97;132;133;107;68;121;192;132;251;87;0;740;82;245;152;69;100;281;254;510;210;102;275;234;111;59;74;116;123;114;128;89;238;98;117;109;122;494;327;164;144;141;348;281;322;105;115;67;93;156;534;95;125;155;384;159;201;80;244;262;70;100;85;93;194;83;89;308;81;72;65;71;257;88;105;292;111;134;494;215;56;111;130;363;101;85;75;117;109;137;334;1568;122;92;166;170;308;166;202;155;95;236;159;243;199;230;188;357;207;161;130;81;337;79;93;206;161;53;148;76;119;246;83;131;91;78;154;93;60;227;130;92;87;92;101;141;89;75;105;187;85;125;163;134;142;141;106;138;83;269;70;231;95;136;78;153;206;61;117;116;33;107;148;146;56;75;57;82;118;109;51;161
"aller";282;121;300;367;570;91;91;60;478;162;184;137;589;1232;104;296;115;90;236;611;62;139;155;479;311;114;164;535;98;622;272;145;201;70;278;355;116;116;241;69;233;143;150;114;187;94;302;349;121;88;78;85;96;152;122;291;383;48;81;267;217;414;171;840;79;82;175;107;93;66;50;341;149;430;99;740;0;130;311;90;105;58;262;323;832;379;88;312;151;95;67;185;83;64;83;172;70;281;68;203;135;130;292;372;456;197;377;350;379;233;99;123;257;152;182;750;125;67;161;221;182;166;76;74;468;90;99;55;114;178;48;154;339;132;53;92;81;232;80;81;339;68;54;302;158;141;50;151;530;95;79;90;182;131;93;315;397;96;82;321;209;185;62;109;313;180;226;91;210;195;143;220;237;178;148;94;139;111;265;123;333;116;80;230;85;131;109;262;134;169;79;153;122;112;378;153;135;121;163;121;223;91;80;73;296;90;93;118;88;119;97;75;158;105;358;60;375;123;122;99;86;71;58;118;116;78;163;112;206;115;110;75;68;85;237;126;209
"payer";43;5;19;38;68;16;17;6;51;18;15;8;51;84;15;35;16;3;22;115;10;12;13;78;52;7;23;69;21;63;17;13;13;11;14;39;7;13;38;25;38;11;13;18;7;14;42;44;24;26;9;9;53;18;6;45;29;2;4;25;24;29;14;88;10;13;19;30;12;8;4;30;19;55;14;82;130;0;43;41;4;15;24;24;78;257;10;17;42;2;12;23;13;8;4;20;11;29;14;21;64;15;29;39;35;27;9;31;35;29;11;8;22;8;6;83;4;5;18;17;22;14;15;10;56;30;6;8;8;16;9;54;38;10;5;12;9;34;20;11;91;8;6;18;20;6;9;31;61;22;8;15;30;9;10;28;28;19;5;23;12;21;7;9;32;10;15;8;18;16;17;21;21;21;8;12;11;13;11;15;29;23;36;18;18;10;38;13;26;11;36;12;4;12;44;10;29;9;2;10;19;8;2;11;20;0;14;14;17;17;7;14;31;18;33;21;44;16;11;11;10;9;4;21;15;4;14;24;11;10;15;14;4;10;23;14;22
"rester";95;28;47;116;125;32;16;15;160;69;62;35;130;301;22;149;36;52;67;149;30;67;57;204;96;30;45;144;30;156;75;49;64;28;88;125;26;27;71;31;66;40;69;43;49;30;86;95;48;45;28;34;23;56;45;77;89;20;46;65;55;145;50;287;27;32;45;29;33;23;20;119;44;112;30;245;311;43;0;33;58;19;122;74;183;106;34;74;79;45;32;33;27;32;24;29;31;115;31;51;35;32;122;91;150;64;42;191;102;74;23;42;46;46;66;164;28;42;43;156;65;56;16;39;111;24;19;23;30;60;18;57;160;50;33;20;39;76;35;41;105;29;20;97;61;36;17;29;115;22;34;28;41;58;8;100;138;32;31;75;54;94;30;56;55;42;84;43;85;61;38;46;100;82;57;31;39;56;48;38;70;40;34;62;33;32;41;55;46;27;21;39;43;37;81;31;25;34;52;37;54;37;43;20;89;31;34;41;21;41;19;34;82;34;95;25;77;23;50;31;26;32;36;39;16;30;52;38;68;23;25;10;19;19;66;17;49
"intérêt";35;11;8;37;66;14;15;16;81;12;6;8;38;94;5;31;11;9;29;92;7;19;39;42;45;9;13;79;14;74;7;25;13;5;19;41;15;22;25;21;57;26;13;32;22;21;56;23;15;17;14;23;14;13;24;70;48;5;13;40;51;43;7;105;16;16;15;19;10;2;14;16;25;42;11;152;90;41;33;0;4;15;20;37;59;95;15;39;30;16;10;2;12;12;16;16;14;22;26;12;31;33;72;24;18;17;23;37;43;40;11;11;6;2;9;84;11;17;25;31;28;18;12;49;50;21;27;19;6;11;16;14;50;6;9;12;5;27;12;19;34;12;14;31;13;10;17;25;46;12;14;5;14;20;8;45;49;18;20;13;1;32;45;22;17;10;26;31;15;28;16;14;56;53;19;27;6;35;14;14;23;16;22;19;7;21;28;11;36;3;10;41;11;17;36;18;12;5;10;18;21;9;10;4;31;19;40;35;17;19;9;21;20;5;34;10;22;7;16;5;8;37;13;24;19;5;12;20;9;6;26;13;16;27;18;14;25
"asseoir";25;20;18;49;81;12;7;6;57;21;28;15;40;96;27;23;16;12;28;37;12;33;20;32;27;13;12;78;17;76;35;17;33;38;37;37;9;14;21;7;14;12;26;13;22;8;15;22;13;9;8;4;3;14;7;12;11;9;10;19;12;36;7;92;9;7;20;2;6;18;1;24;9;31;14;69;105;4;58;4;0;5;54;29;83;15;6;30;11;13;2;15;3;13;9;13;4;67;11;13;11;13;24;26;39;18;9;39;23;20;8;25;9;18;26;87;11;9;18;44;9;6;11;4;33;5;7;4;3;14;2;12;31;6;10;6;22;25;4;22;22;10;4;12;13;12;5;16;29;7;8;13;13;20;4;21;46;8;19;19;38;14;5;7;22;42;31;8;31;29;16;10;22;12;14;4;10;5;12;29;21;9;5;17;8;9;9;14;6;13;4;12;20;7;52;26;8;13;39;9;24;59;14;6;31;6;5;6;11;6;9;2;14;17;24;3;30;4;19;12;5;6;5;11;5;5;10;8;28;5;15;5;9;7;21;7;21
"mauvais";17;8;15;44;71;13;9;15;42;13;7;6;24;81;8;37;7;10;18;57;11;17;15;36;20;7;12;35;19;53;13;14;16;9;12;38;3;11;17;5;38;13;8;13;24;9;24;23;9;9;9;14;12;18;23;43;21;10;6;23;11;37;12;83;8;7;19;3;14;5;13;26;14;29;5;100;58;15;19;15;5;0;32;19;47;13;12;23;18;6;10;5;12;6;6;8;9;15;13;8;8;13;40;23;11;15;12;19;31;33;6;9;2;9;11;52;4;8;28;13;26;13;5;28;17;5;7;5;11;12;12;9;23;13;7;11;4;21;7;5;22;8;13;36;21;3;8;24;35;13;11;6;8;5;15;20;46;10;8;18;13;25;14;27;9;6;21;37;17;17;11;23;35;11;27;9;6;27;11;7;13;10;2;8;17;14;19;8;14;7;8;10;9;8;31;9;4;10;6;21;13;9;7;3;22;14;14;11;7;11;8;9;12;7;27;9;26;8;12;7;11;6;11;13;6;20;6;10;6;8;8;7;4;15;10;7;12
"regarder";74;47;48;114;160;49;24;7;108;69;51;45;120;305;23;87;53;56;70;131;33;86;71;93;56;50;23;156;22;178;72;41;289;37;88;106;16;32;66;12;59;26;46;22;80;27;89;93;39;19;34;22;21;54;37;60;45;27;30;51;52;149;29;282;22;46;85;29;60;30;15;109;35;114;37;281;262;24;122;20;54;32;0;99;163;73;31;77;23;20;23;32;24;35;22;35;37;122;25;38;30;21;71;96;91;60;47;73;116;70;43;54;29;52;97;185;40;42;56;307;46;35;18;28;139;23;17;40;20;48;13;16;149;22;23;27;58;80;24;38;93;31;16;113;47;34;11;54;217;25;27;48;42;53;20;48;173;35;52;82;52;51;20;37;59;78;121;47;121;51;57;69;61;80;73;18;35;35;29;78;116;35;17;40;17;39;32;31;29;26;20;40;41;37;131;48;18;27;55;30;38;51;64;63;113;20;16;26;32;34;23;25;39;19;99;10;151;14;55;36;35;15;15;30;31;47;39;34;105;42;27;14;29;32;95;29;101
"entendre";109;46;44;108;117;33;11;14;129;47;37;42;99;301;15;64;36;33;59;136;21;52;58;75;61;34;46;125;25;144;91;44;89;19;128;92;24;39;72;8;83;24;34;33;55;36;68;89;31;14;25;13;17;47;37;58;51;16;41;51;68;127;26;266;22;35;50;15;40;17;11;104;37;109;36;254;323;24;74;37;29;19;99;0;243;56;20;229;30;23;18;44;35;25;25;39;20;71;12;32;27;22;81;86;96;50;24;90;99;45;32;44;29;32;231;142;34;45;32;100;31;45;25;30;101;19;22;23;14;63;21;26;160;41;29;29;35;69;27;21;75;40;12;83;40;60;14;45;150;23;32;84;33;82;17;74;135;21;46;91;41;46;20;39;65;58;182;25;83;64;53;58;88;71;68;11;29;32;33;43;101;46;12;38;11;36;21;55;29;58;17;45;35;31;110;56;18;31;51;25;39;31;68;32;98;20;17;34;30;40;25;12;84;21;77;12;85;16;126;24;30;18;25;43;21;17;40;77;54;29;22;15;21;34;62;30;73
"venir";293;67;156;249;434;57;54;47;288;138;133;77;237;927;37;186;78;65;145;370;52;97;122;381;207;75;135;302;53;384;201;107;165;49;182;227;53;78;203;58;174;83;71;80;118;100;167;218;76;61;70;62;56;131;115;160;320;38;54;147;147;307;118;560;61;71;118;62;69;48;25;263;116;273;69;510;832;78;183;59;83;47;163;243;0;209;81;235;109;68;48;86;67;49;45;110;58;192;72;134;77;77;165;270;364;118;220;194;208;101;65;93;168;81;133;465;49;62;110;204;91;121;71;69;368;57;37;46;122;94;37;100;318;88;51;103;94;147;67;72;218;64;23;175;85;79;33;125;344;69;78;84;137;75;40;161;310;68;69;176;132;129;51;75;114;91;133;74;133;168;87;131;154;107;119;54;55;91;197;70;183;71;43;114;70;87;70;177;118;89;48;114;91;84;262;141;60;69;138;63;146;71;52;60;226;66;64;79;68;86;38;70;124;88;249;57;195;107;71;72;73;50;51;98;74;57;123;91;160;79;82;57;59;76;161;74;157
"franc";104;20;93;127;269;23;69;34;154;45;85;20;133;253;22;84;43;16;67;537;14;26;37;210;178;35;83;180;72;209;66;69;36;21;38;126;31;29;64;77;65;43;21;36;43;32;94;113;81;139;27;24;148;27;31;129;157;19;14;108;78;130;38;216;51;26;66;100;30;33;16;113;55;159;34;210;379;257;106;95;15;13;73;56;209;0;52;73;184;18;40;34;24;14;18;44;32;71;76;39;141;53;79;97;67;73;33;70;100;84;15;19;66;15;25;256;8;20;71;51;110;37;39;3;168;73;35;14;43;38;27;265;78;23;5;21;11;109;56;18;102;18;18;55;59;18;23;93;121;44;48;35;88;32;12;44;99;36;13;54;27;32;11;17;127;17;51;16;61;50;22;60;46;61;30;31;16;19;55;41;104;36;403;41;40;36;38;41;67;28;177;46;19;50;108;28;41;19;19;36;54;21;14;15;85;18;25;34;44;52;16;25;53;37;94;50;111;64;30;21;33;18;19;22;25;22;33;63;24;27;72;59;16;18;95;35;87
"ancien";54;17;52;93;74;12;5;9;85;17;29;15;43;103;8;47;12;11;35;88;3;15;10;44;82;12;28;51;10;54;42;49;22;13;23;43;13;28;33;9;34;35;10;23;15;48;36;23;18;17;16;10;9;14;19;42;46;10;6;27;33;67;6;97;9;10;17;24;11;12;6;23;27;49;12;102;88;10;34;15;6;12;31;20;81;52;0;39;30;12;13;7;12;14;4;26;10;26;12;10;16;24;30;47;25;57;14;21;28;45;4;9;20;13;12;54;12;8;12;31;14;20;6;5;44;13;5;11;9;16;9;20;35;7;6;23;7;34;12;16;12;8;12;17;13;10;6;33;46;10;13;10;21;10;18;19;53;16;9;21;23;11;7;4;25;10;32;7;24;21;8;12;19;22;11;19;7;21;16;23;16;10;14;17;15;12;26;13;38;13;13;44;17;12;56;16;20;32;29;10;13;15;6;9;35;18;22;12;27;15;9;10;33;15;70;13;35;9;14;21;19;17;10;12;22;11;17;28;38;9;31;12;32;30;36;14;26
"parler";91;70;33;92;128;49;21;34;131;52;32;29;121;306;12;94;68;28;65;137;25;59;64;104;61;27;49;135;14;143;67;43;81;19;44;108;39;59;88;14;92;33;35;24;61;37;129;82;31;23;30;33;20;40;61;126;80;20;20;49;88;134;36;288;18;29;59;26;43;19;25;105;48;123;33;275;312;17;74;39;30;23;77;229;235;73;39;0;48;29;11;21;19;26;24;36;26;68;21;38;27;22;112;92;91;55;40;95;102;71;18;27;31;33;121;164;30;19;41;90;59;64;23;42;142;30;52;19;26;63;32;35;133;20;20;32;32;43;36;40;101;34;24;87;45;38;18;51;183;27;65;52;57;75;25;101;130;43;22;61;26;99;29;52;62;44;97;34;52;61;53;71;109;77;34;22;25;61;52;51;79;45;18;40;21;36;45;52;37;28;21;55;42;33;120;43;41;27;40;30;41;24;41;23;98;35;21;45;36;49;25;22;50;36;108;25;116;24;60;30;13;40;25;33;27;17;50;50;57;44;26;36;25;34;69;22;65
"fortune";52;6;34;83;108;21;16;39;155;18;49;12;147;168;8;74;25;11;44;171;4;14;26;82;100;20;36;99;15;113;10;26;18;6;11;114;30;52;41;27;74;37;25;36;21;25;60;76;36;73;12;27;27;28;43;51;129;5;22;77;76;150;34;207;12;35;58;77;12;4;10;94;62;152;13;234;151;42;79;30;11;18;23;30;109;184;30;48;0;23;26;12;24;19;24;22;18;35;32;19;44;14;99;56;27;42;36;84;124;58;9;23;10;5;17;114;6;17;29;34;64;44;18;27;63;37;27;12;35;31;31;38;70;11;2;20;10;85;17;26;78;18;19;68;52;7;24;77;63;15;62;5;23;18;10;73;103;19;15;25;24;40;21;17;49;3;42;16;30;41;37;46;51;33;24;39;17;48;15;23;37;49;96;26;29;30;41;12;96;11;36;37;13;44;72;22;14;19;15;19;38;12;7;7;76;19;28;37;39;28;16;32;21;10;58;32;56;15;11;17;33;42;14;26;22;10;28;66;29;21;33;10;11;13;29;37;36
"cacher";31;13;14;46;74;22;10;17;53;35;10;10;50;111;9;30;25;26;27;52;22;49;27;50;31;7;10;52;8;71;23;10;24;9;32;60;5;13;20;9;35;21;26;14;14;11;37;41;22;8;7;12;5;26;26;19;31;15;13;19;17;51;8;143;15;16;13;10;19;22;12;45;11;29;10;111;95;2;45;16;13;6;20;23;68;18;12;29;23;0;8;13;7;35;7;15;13;49;13;13;14;23;66;24;17;21;16;43;31;27;12;24;5;9;12;59;13;29;26;50;11;27;13;35;34;8;3;6;19;21;13;21;40;12;24;8;17;37;13;14;29;21;17;38;18;9;5;19;46;8;12;9;20;17;6;47;53;21;15;22;17;46;25;42;16;9;34;37;34;23;26;25;67;38;24;9;13;44;13;15;21;27;2;10;9;16;10;14;18;9;5;18;20;16;30;14;4;14;10;13;15;6;16;15;22;11;10;39;4;18;9;20;23;11;36;5;21;12;18;9;12;10;5;19;9;12;12;33;17;9;3;6;13;14;17;10;28
"louis";36;8;29;47;40;11;6;12;84;6;25;9;26;62;2;43;6;9;24;65;5;13;12;37;43;7;22;36;7;37;17;9;10;7;18;31;7;8;12;8;11;4;10;10;16;27;17;21;15;14;0;12;15;14;6;18;33;7;4;21;24;29;8;65;16;6;9;11;7;19;4;30;30;35;7;59;67;12;32;10;2;10;23;18;48;40;13;11;26;8;0;9;14;5;7;65;11;23;15;6;15;18;18;21;15;8;15;30;32;34;4;7;9;9;18;45;5;5;19;19;23;30;5;8;28;12;5;4;6;5;18;17;21;9;5;4;3;20;5;7;24;2;7;20;17;3;7;24;25;11;19;3;14;4;4;17;36;10;2;15;9;26;7;13;28;6;24;7;16;15;11;7;19;14;11;31;7;13;10;12;17;10;14;14;1;9;16;10;27;5;6;15;1;23;28;7;9;31;8;7;22;9;5;5;25;14;9;24;18;13;1;4;23;14;26;12;20;7;7;6;11;11;8;10;54;6;28;14;30;4;8;1;9;14;21;6;13
"voiture";30;19;69;36;80;7;7;2;54;18;31;9;46;105;16;29;13;10;24;63;4;21;16;32;44;17;15;78;6;62;30;17;16;8;52;40;4;6;23;7;36;16;15;14;23;13;17;22;21;2;4;7;5;12;2;11;60;4;14;23;19;27;4;107;12;16;11;8;15;7;4;23;14;36;5;74;185;23;33;2;15;5;32;44;86;34;7;21;12;13;9;0;9;3;1;23;6;28;15;27;11;16;19;54;67;22;20;28;18;18;52;23;20;25;13;84;19;5;9;25;13;10;9;0;40;12;3;3;11;8;1;8;47;9;5;11;5;33;14;3;12;14;3;17;16;10;1;13;37;10;7;8;10;6;13;23;51;5;8;41;32;11;3;8;25;8;27;13;19;41;13;16;31;15;19;10;25;2;18;13;28;6;3;38;5;7;8;22;7;88;7;4;12;3;54;31;5;33;8;9;46;1;11;10;37;10;10;9;5;5;4;7;20;8;24;4;13;13;7;3;14;1;4;12;7;10;18;8;24;8;9;3;2;11;37;7;23
"appeler";41;14;19;42;55;6;4;11;72;8;20;10;36;78;7;41;11;17;22;60;8;9;26;49;37;16;9;60;6;89;23;15;19;11;19;52;10;18;21;5;44;15;17;16;10;39;33;27;9;11;10;14;2;17;15;23;35;13;12;24;31;41;15;101;20;20;14;26;16;7;9;40;19;43;5;116;83;13;27;12;3;12;24;35;67;24;12;19;24;7;14;9;0;8;8;28;7;30;6;6;15;15;35;22;23;15;17;34;54;25;4;16;8;9;22;61;8;2;19;29;20;20;8;12;32;11;8;10;17;23;11;10;33;6;7;7;6;25;7;11;38;11;10;33;17;10;11;28;45;9;14;10;16;11;5;39;53;13;9;21;16;24;13;9;13;14;26;6;19;17;25;11;20;14;20;18;8;21;18;11;25;17;8;10;15;9;14;13;20;11;2;22;7;15;52;22;22;18;6;11;13;8;6;9;38;4;17;12;6;9;13;10;7;9;29;13;29;9;15;9;11;15;7;7;16;11;17;90;19;13;10;14;17;11;22;9;21
"deviner";36;3;19;32;36;21;0;12;61;19;7;14;63;111;3;19;19;16;11;49;7;43;19;28;12;9;13;35;10;55;15;12;19;7;6;34;11;7;13;4;38;11;16;19;20;8;38;34;6;12;10;27;3;20;14;17;11;7;9;25;28;56;14;133;7;9;33;7;10;10;18;49;24;32;23;123;64;8;32;12;13;6;35;25;49;14;14;26;19;35;5;3;8;0;12;9;11;13;13;13;9;18;56;31;13;14;21;49;31;27;9;22;13;6;19;48;8;24;23;53;16;20;4;37;36;4;16;13;13;12;11;12;27;6;16;5;19;21;7;9;27;16;21;33;16;5;7;25;40;12;7;7;12;8;11;32;57;13;26;15;17;42;21;30;15;10;30;40;17;10;36;27;55;41;33;8;7;40;5;23;21;16;5;14;6;21;8;9;13;2;8;20;15;18;52;14;8;8;11;9;10;8;12;13;23;11;6;76;8;22;8;20;13;11;32;7;22;8;21;14;21;11;6;16;7;3;15;6;22;10;10;5;6;11;19;9;20
"manquer";28;9;5;31;63;20;3;5;51;10;17;18;29;73;12;39;14;13;27;52;8;16;14;45;16;11;10;42;7;57;11;13;12;9;11;40;6;12;34;7;30;7;13;15;15;11;58;31;12;10;10;15;4;15;16;19;22;6;10;20;27;34;9;117;11;7;20;17;6;7;13;21;18;24;5;114;83;4;24;16;9;6;22;25;45;18;4;24;24;7;7;1;8;12;0;18;8;22;10;10;31;5;76;24;11;16;9;29;29;20;6;11;12;8;24;52;5;5;14;32;14;17;9;18;31;2;11;10;4;18;9;6;29;3;9;2;4;14;7;11;31;8;10;24;20;5;16;23;39;17;32;2;12;13;10;32;48;6;17;17;14;30;13;30;17;6;20;16;21;24;23;17;45;16;21;14;6;41;16;8;17;20;4;11;11;10;14;11;22;9;5;21;7;7;23;11;12;11;10;13;14;7;7;11;35;19;9;18;17;15;12;16;10;8;32;9;21;5;23;17;8;7;2;8;4;4;9;13;16;6;11;6;7;1;13;5;19
"saint";42;17;260;74;104;16;15;9;98;18;45;23;53;126;15;43;13;19;24;98;8;20;18;89;103;15;31;81;18;120;25;22;23;19;84;82;14;34;33;23;40;30;31;23;27;35;48;52;45;22;9;22;18;25;23;22;52;13;26;54;39;84;30;157;20;19;17;20;16;11;11;60;24;41;19;128;172;20;29;16;13;8;35;39;110;44;26;36;22;15;65;23;28;9;18;0;8;44;22;24;13;22;59;48;67;26;21;43;45;42;26;34;16;13;34;88;17;16;18;48;26;28;14;16;49;14;9;12;20;66;30;28;62;13;8;14;17;44;17;22;42;20;9;42;23;13;8;32;56;14;21;4;25;18;15;40;74;25;11;39;27;60;14;33;47;19;34;23;35;64;23;25;36;33;30;27;14;21;26;20;44;15;9;35;5;16;20;32;37;16;10;22;9;17;45;36;14;19;22;27;16;24;13;8;51;6;10;22;26;21;19;10;32;16;44;11;46;18;21;39;14;16;19;12;24;22;22;46;37;14;16;10;18;7;27;15;27
"fin";42;21;8;39;51;19;5;17;63;23;9;15;30;105;4;25;16;35;25;63;16;43;33;53;29;31;10;86;12;85;13;11;58;12;17;48;10;13;14;58;30;13;16;13;32;4;35;23;8;22;9;12;6;14;15;26;24;14;14;25;16;41;12;80;9;9;17;16;18;24;4;36;14;27;5;89;70;11;31;14;4;9;37;20;58;32;10;26;18;13;11;6;7;11;8;8;0;29;15;11;8;17;34;26;21;23;8;33;19;26;9;17;16;9;15;56;3;6;31;54;15;19;3;13;33;10;6;3;16;13;10;73;32;4;5;6;10;15;11;12;26;13;7;24;18;7;4;10;35;5;9;11;13;8;7;33;57;12;8;18;21;25;12;12;17;7;31;13;31;32;19;16;25;21;21;15;11;43;14;13;15;12;10;10;9;13;13;19;12;5;9;20;5;9;36;7;13;13;8;11;21;11;5;29;22;9;12;18;8;15;8;10;20;7;31;4;24;10;14;14;7;10;4;12;9;9;7;6;20;6;15;10;9;7;36;6;22
"main";84;38;31;130;136;51;15;20;120;83;30;95;167;273;19;71;37;44;228;223;22;99;64;91;39;55;40;301;29;187;58;40;84;23;58;135;26;36;69;15;58;13;71;30;86;24;66;86;51;22;32;14;6;32;21;53;48;38;27;70;54;158;42;252;41;26;62;24;29;90;11;114;33;104;37;238;281;29;115;22;67;15;122;71;192;71;26;68;35;49;23;28;30;13;22;44;29;0;57;50;33;51;92;116;65;58;30;83;126;48;45;43;18;85;88;475;36;31;50;182;34;54;37;26;122;9;18;18;28;70;21;19;124;18;31;24;87;71;22;23;84;30;14;92;46;35;20;44;148;22;16;44;79;33;18;47;155;41;54;85;100;66;14;51;56;107;91;36;149;47;92;45;141;65;83;27;31;27;31;58;99;32;14;48;21;21;25;31;28;19;26;30;28;31;110;34;35;13;30;23;39;37;38;34;91;12;16;47;28;19;27;18;57;24;108;27;118;16;64;21;28;21;26;27;27;14;52;34;72;31;24;18;21;16;63;32;64
"offrir";49;9;21;59;62;22;4;14;60;18;17;11;39;94;17;29;15;49;25;77;25;71;29;39;53;18;10;50;12;59;21;17;30;12;33;56;9;18;35;13;20;22;23;17;20;17;27;46;17;10;12;12;15;13;14;27;39;18;12;31;26;57;10;103;22;22;19;17;10;24;11;27;16;29;11;98;68;14;31;26;11;13;25;12;72;76;12;21;32;13;15;15;6;13;10;22;15;57;0;10;20;11;58;22;18;20;23;36;31;22;5;8;23;33;10;73;5;15;18;75;19;12;21;14;32;12;5;11;7;15;14;19;47;4;8;8;12;12;6;15;29;12;26;28;17;17;7;19;38;23;16;8;14;4;9;29;52;8;14;24;15;30;17;17;12;7;21;16;28;26;10;26;34;21;17;16;4;17;12;13;19;16;9;18;11;13;16;13;25;8;7;9;10;9;34;14;10;17;27;10;14;15;5;11;32;5;10;15;15;13;2;13;19;14;35;8;11;6;12;10;15;11;4;15;11;10;18;16;23;11;8;4;6;3;21;11;24
"quitter";40;8;29;41;81;20;12;9;69;12;65;20;75;116;5;37;6;6;29;90;16;31;20;84;78;14;27;67;4;79;43;22;31;11;31;30;10;15;42;9;36;25;12;11;37;13;36;37;14;11;10;24;10;21;24;25;78;6;18;22;29;64;16;130;11;18;43;11;12;11;7;69;32;68;8;117;203;21;51;12;13;8;38;32;134;39;10;38;19;13;6;27;6;13;10;24;11;50;10;0;17;16;61;34;64;29;31;48;60;36;7;17;21;25;21;99;13;11;19;52;25;26;8;17;56;10;14;4;13;17;8;38;77;26;8;17;16;47;15;15;41;10;6;68;20;9;5;24;72;6;13;13;26;10;11;41;62;13;9;37;24;36;19;24;56;16;34;23;34;35;26;31;36;24;30;24;20;10;30;17;32;18;11;24;11;15;16;17;25;13;11;28;17;17;60;30;4;13;41;19;24;16;13;10;36;13;31;8;15;18;11;11;28;17;59;13;45;6;16;11;10;7;12;17;8;16;16;13;34;13;14;7;11;6;38;8;28
"argent";40;26;13;60;101;13;21;19;72;36;17;13;57;112;12;49;19;10;30;178;11;18;22;63;33;19;38;90;25;71;20;17;19;12;26;44;13;13;37;14;60;17;12;27;36;14;34;72;23;18;6;15;31;19;11;44;44;11;10;56;36;59;15;94;19;9;17;34;15;18;6;45;22;67;13;109;135;64;35;31;11;8;30;27;77;141;16;27;44;14;15;11;15;9;31;13;8;33;20;17;0;37;43;37;23;30;20;42;33;27;9;10;12;10;19;122;8;12;17;31;58;16;12;13;79;15;17;7;17;22;14;31;44;6;10;8;9;30;20;16;48;5;2;25;24;12;13;36;54;24;11;15;35;12;7;40;54;13;15;30;21;14;9;15;27;10;25;13;20;16;19;17;31;26;13;16;3;19;11;20;31;12;22;16;10;16;17;12;29;13;26;15;7;27;38;15;20;6;7;17;12;7;3;10;21;9;17;8;15;13;12;12;33;15;28;21;46;27;11;10;11;17;13;23;14;3;7;19;9;14;19;15;5;3;25;11;36
"porter";48;41;29;56;53;13;6;8;84;25;21;14;44;111;9;48;21;24;30;75;17;21;17;63;32;24;19;76;12;87;33;26;19;11;18;47;10;26;30;9;37;15;28;22;22;14;21;42;16;13;9;14;7;26;27;22;38;58;8;40;31;56;16;109;44;15;25;16;5;54;3;44;19;44;12;122;130;15;32;33;13;13;21;22;77;53;24;22;14;23;18;16;15;18;5;22;17;51;11;16;37;0;57;52;32;26;13;42;36;33;10;13;15;23;17;68;14;14;16;41;16;27;8;37;46;19;9;13;8;17;12;15;36;19;10;4;6;28;19;9;22;17;18;34;12;14;11;18;31;30;13;20;34;9;7;35;58;14;17;25;32;33;17;18;28;12;36;16;48;20;22;22;40;20;63;24;15;20;16;19;11;23;5;15;18;21;10;21;30;16;9;23;10;13;48;11;14;10;15;13;19;13;10;7;30;11;13;28;15;14;11;25;32;22;32;10;33;15;18;11;10;6;5;13;16;9;18;65;22;11;9;16;9;5;13;14;25
"vie";193;31;45;91;255;84;35;25;284;40;43;54;108;345;16;123;47;50;100;319;59;84;83;255;91;25;55;163;30;191;44;31;64;24;27;236;64;43;189;56;150;43;79;51;93;23;205;117;39;39;28;48;26;74;109;68;143;21;57;153;162;184;78;475;21;46;57;56;30;24;52;178;72;110;38;494;292;29;122;72;24;40;71;81;165;79;30;112;99;66;18;19;35;56;76;59;34;92;58;61;43;57;0;205;84;56;41;210;197;147;34;58;40;25;72;215;24;60;77;144;83;205;26;167;93;20;79;50;55;89;34;74;204;47;80;22;36;151;47;61;155;42;73;197;125;21;34;49;110;55;74;19;60;48;39;181;251;58;69;61;40;265;85;189;65;39;93;125;59;86;131;77;222;103;80;32;20;102;39;63;68;165;27;45;36;52;44;41;88;20;39;22;39;30;93;40;36;14;36;45;46;26;36;41;73;66;35;109;60;65;40;84;90;43;111;31;98;19;58;23;41;84;65;134;30;20;32;49;49;15;20;19;15;8;44;20;81
"passer";145;32;108;135;180;47;31;27;192;62;70;32;133;363;34;156;39;61;72;177;25;68;62;236;122;48;48;164;18;180;90;39;57;30;101;145;29;44;91;61;112;62;64;37;50;35;130;59;37;45;17;37;23;28;68;60;154;33;41;72;86;115;25;308;36;37;58;41;30;41;19;108;48;76;37;327;372;39;91;24;26;23;96;86;270;97;47;92;56;24;21;54;22;31;24;48;26;116;22;34;37;52;205;0;173;69;44;103;100;83;38;47;59;36;56;182;23;39;42;133;40;44;29;37;110;25;23;26;23;37;16;97;144;174;34;27;29;69;35;40;76;31;24;78;50;38;22;66;109;43;35;34;58;32;24;93;149;34;34;62;55;78;32;70;91;42;85;56;90;97;63;63;72;56;59;37;25;67;71;41;50;50;30;45;25;37;62;61;72;54;11;35;14;32;102;43;27;46;57;47;72;35;38;31;90;29;47;47;39;25;32;35;53;56;91;30;89;25;41;28;44;26;44;48;48;28;46;48;76;31;35;23;26;38;53;26;63
"heure";102;35;130;96;251;23;23;11;118;59;63;21;106;290;19;105;22;21;86;175;24;35;33;220;70;19;72;133;21;160;112;55;50;22;96;90;52;17;62;24;54;42;42;39;35;22;53;71;14;21;21;10;13;32;29;81;82;24;27;73;49;75;23;221;18;24;39;9;19;16;18;84;37;94;52;164;456;35;150;18;39;11;91;96;364;67;25;91;27;17;15;67;23;13;11;67;21;65;18;64;23;32;84;173;0;54;50;91;80;44;40;43;155;29;36;182;32;31;46;70;28;41;34;15;100;31;18;14;37;27;11;46;146;96;13;30;18;61;23;53;63;23;5;46;43;39;11;44;101;25;17;21;68;45;28;78;112;24;18;132;48;64;23;37;160;113;70;33;40;139;46;46;70;42;45;15;28;29;227;50;72;26;15;91;29;50;35;349;35;41;18;31;55;26;89;77;15;21;72;34;129;36;36;16;81;22;18;25;20;23;22;22;64;36;87;26;75;33;33;35;18;18;23;39;18;25;51;32;36;34;41;28;15;34;65;35;82
"garder";56;21;26;101;100;30;13;21;86;43;43;27;84;155;34;63;19;24;43;129;9;33;31;96;89;16;29;137;13;84;39;32;44;15;36;59;19;31;38;19;64;26;33;31;35;48;45;49;25;20;24;21;17;23;21;39;58;14;27;57;42;94;28;193;18;25;33;27;21;17;9;77;32;70;19;144;197;27;64;17;18;15;60;50;118;73;57;55;42;21;8;22;15;14;16;26;23;58;20;29;30;26;56;69;54;0;33;68;64;34;22;20;20;23;31;218;23;53;27;75;29;34;20;19;81;22;16;18;19;41;19;34;59;24;9;14;17;44;19;17;57;10;7;47;30;17;10;41;100;14;24;11;38;21;10;60;75;15;25;39;49;49;11;20;37;29;47;24;56;37;33;42;66;33;27;21;18;12;30;30;45;27;16;21;23;28;37;27;36;27;14;77;8;19;65;23;23;13;19;19;27;18;159;15;37;14;16;129;31;29;24;25;40;31;52;18;63;27;31;15;20;14;17;21;27;14;29;24;38;11;25;15;32;14;46;18;27
"chercher";49;16;27;47;126;16;11;30;51;19;35;15;44;126;10;53;13;12;33;73;13;30;33;57;39;18;19;76;8;66;37;19;27;11;33;44;8;7;31;7;40;17;25;6;26;9;41;41;12;15;14;32;14;21;26;29;51;15;11;37;33;61;19;116;7;16;22;10;13;10;10;41;19;31;19;141;377;9;42;23;9;12;47;24;220;33;14;40;36;16;15;20;17;21;9;21;8;30;23;31;20;13;41;44;50;33;0;32;51;26;11;13;24;16;16;85;8;11;17;65;25;28;17;15;44;17;9;9;16;16;6;17;66;20;6;12;5;33;15;19;36;14;16;31;20;9;8;20;55;22;22;11;31;12;27;43;65;16;16;43;15;39;16;16;45;17;43;22;16;39;34;21;34;23;20;16;7;25;34;16;26;24;6;30;18;17;19;25;19;28;13;16;10;9;29;20;4;8;16;15;41;21;19;15;48;13;14;29;4;25;12;17;23;16;44;8;44;75;16;19;8;9;16;30;12;9;13;12;28;10;17;7;8;14;30;7;28
"seul";102;33;40;110;255;39;19;44;183;49;39;37;241;272;22;105;55;41;85;189;32;104;48;140;86;19;51;143;26;158;67;51;58;18;47;107;26;24;131;30;79;47;51;40;72;30;136;110;40;30;25;38;24;41;62;54;99;11;38;80;121;146;56;365;23;53;71;29;36;29;31;126;53;97;25;348;350;31;191;37;39;19;73;90;194;70;21;95;84;43;30;28;34;49;29;43;33;83;36;48;42;42;210;103;91;68;32;0;149;92;24;49;38;46;64;147;41;31;42;121;76;59;26;81;120;21;28;24;39;90;28;47;145;35;45;29;34;113;15;31;102;31;32;169;63;27;32;53;136;21;45;19;46;35;28;150;160;40;50;62;49;128;55;85;64;35;154;81;66;55;70;77;136;97;89;42;36;70;50;41;61;70;14;58;28;37;36;45;75;27;38;35;37;41;93;42;39;16;48;35;38;32;41;34;75;28;29;85;43;50;37;44;66;43;120;27;87;30;50;25;31;30;27;72;25;18;55;60;53;21;21;19;25;23;54;31;68
"enfant";115;27;51;134;182;43;29;20;169;70;38;44;190;396;20;92;37;32;106;257;29;67;40;133;115;44;48;167;35;270;76;50;71;29;51;164;31;31;87;36;74;27;46;46;80;31;114;310;41;33;37;48;29;38;56;46;75;19;36;101;108;217;92;496;38;40;102;47;31;25;39;461;97;307;42;281;379;35;102;43;23;31;116;99;208;100;28;102;124;31;32;18;54;31;29;45;19;126;31;60;33;36;197;100;80;64;51;149;0;130;14;34;39;56;88;240;23;40;89;144;90;113;25;70;124;41;33;26;36;115;51;51;111;23;56;26;71;114;30;34;329;19;29;216;89;26;32;124;140;34;61;20;48;49;31;125;190;49;39;78;50;141;28;71;62;40;81;53;80;71;73;88;160;65;39;24;33;53;30;65;95;93;34;37;52;42;39;42;132;35;35;36;40;45;133;43;28;22;33;30;53;37;30;47;72;39;21;44;30;63;40;69;76;42;80;21;115;41;55;26;28;17;27;67;34;19;34;59;75;30;25;17;13;21;56;39;53
"devenir";92;25;26;95;133;36;36;26;195;38;42;31;94;217;16;88;29;39;45;114;21;54;48;154;85;27;35;113;16;156;51;50;40;17;36;120;35;30;59;30;78;35;35;27;47;66;109;83;27;34;29;21;18;26;52;69;105;33;14;76;59;129;43;275;23;18;46;74;17;53;25;100;51;100;28;322;233;29;74;40;20;33;70;45;101;84;45;71;58;27;34;18;25;27;20;42;26;48;22;36;27;33;147;83;44;34;26;92;130;0;17;33;25;22;39;137;22;39;38;118;44;57;23;59;81;21;21;21;39;48;31;48;109;13;20;24;17;64;19;20;66;24;34;80;49;24;32;81;98;30;43;14;29;25;13;80;155;35;27;34;33;87;63;58;46;18;64;49;71;38;51;50;73;43;53;55;26;58;22;30;47;50;25;43;34;47;71;15;55;24;26;64;17;33;112;21;38;38;36;32;39;24;29;23;72;30;31;42;33;40;21;30;30;27;84;32;61;14;39;25;23;50;16;40;44;18;44;51;42;26;30;22;47;49;53;24;54
"arrêter";33;15;48;37;58;15;6;5;42;20;15;14;33;101;9;31;12;21;19;40;6;43;25;40;38;9;8;37;12;42;19;9;25;9;55;30;15;13;30;6;31;15;24;11;26;12;24;26;14;6;6;12;7;13;17;16;26;14;20;19;25;19;10;54;6;6;11;6;12;11;8;24;8;22;4;105;99;11;23;11;8;6;43;32;65;15;4;18;9;12;4;52;4;9;6;26;9;45;5;7;9;10;34;38;40;22;11;24;14;17;0;28;10;27;17;55;32;11;8;62;16;22;6;12;33;8;7;11;7;11;3;9;58;14;11;10;10;30;7;12;24;14;6;17;17;15;10;8;25;14;11;6;12;13;10;22;54;9;19;18;14;10;5;12;19;15;27;15;20;22;20;18;26;13;33;7;15;13;12;17;29;9;4;12;3;6;10;10;8;30;4;13;11;5;41;11;12;13;11;10;18;11;11;12;28;8;2;16;10;9;8;7;19;6;19;8;35;11;13;11;13;10;8;5;8;7;10;15;23;11;9;3;10;6;11;8;30
"apercevoir";81;12;38;66;76;23;12;18;72;15;31;18;54;150;11;34;27;54;26;51;22;49;36;59;48;10;19;58;5;77;36;17;31;25;61;46;15;19;51;7;27;15;31;13;36;7;43;35;25;13;6;17;3;27;22;16;23;19;25;29;28;71;17;139;13;30;33;7;18;21;9;43;17;35;23;115;123;8;42;11;25;9;54;44;93;19;9;27;23;24;7;23;16;22;11;34;17;43;8;17;10;13;58;47;43;20;13;49;34;33;28;0;10;13;31;78;20;18;15;102;20;16;16;28;31;8;6;23;6;17;7;20;80;25;15;13;18;38;19;20;26;24;11;40;17;30;8;22;36;27;10;15;30;20;12;36;92;9;28;17;42;38;21;22;29;38;26;20;51;46;37;22;48;22;36;14;19;25;15;26;32;17;3;12;9;22;16;19;15;18;4;26;15;10;58;38;12;14;37;11;20;17;17;25;49;10;3;14;4;12;8;21;21;9;31;6;31;10;15;14;11;9;15;13;2;10;14;15;36;16;10;9;10;6;32;12;36
"dîner";61;10;45;61;93;6;6;6;68;25;22;5;34;122;12;48;14;13;21;140;9;20;19;145;53;12;44;62;7;83;36;22;22;10;20;47;12;10;72;6;40;45;12;51;15;12;20;38;11;7;9;8;5;13;5;38;46;3;11;40;19;49;7;98;9;10;27;9;11;9;2;41;15;41;22;67;257;22;46;6;9;2;29;29;168;66;20;31;10;5;9;20;8;13;12;16;16;18;23;21;12;15;40;59;155;20;24;38;39;25;10;10;0;24;19;87;10;8;34;22;14;9;17;5;38;13;5;7;21;8;6;53;51;9;4;16;6;17;13;10;52;2;2;30;20;6;2;21;46;9;14;9;20;5;10;42;41;5;7;39;15;11;7;6;75;23;32;10;18;38;16;18;11;17;8;8;12;11;72;12;19;10;4;25;16;34;11;52;39;17;3;21;25;13;35;15;6;8;38;15;44;13;8;11;40;10;4;10;16;10;6;5;23;14;67;6;32;18;20;21;8;12;6;35;13;12;22;7;27;32;15;10;13;26;45;18;53
"bras";26;18;13;49;65;12;6;2;48;42;15;34;79;111;7;25;13;20;60;146;18;33;25;27;15;15;19;67;10;73;31;10;30;12;37;60;4;8;23;4;20;11;25;16;76;7;24;34;18;2;6;7;5;9;9;14;10;15;12;18;26;59;17;117;15;12;27;9;11;16;2;55;31;40;6;93;152;8;46;2;18;9;52;32;81;15;13;33;5;9;9;25;9;6;8;13;9;85;33;25;10;23;25;36;29;23;16;46;56;22;27;13;24;0;39;240;30;9;20;68;15;20;14;8;34;6;4;5;5;14;4;11;54;5;8;5;34;23;8;9;34;12;3;26;13;22;0;20;49;11;7;19;12;16;12;12;64;7;26;46;26;16;4;12;30;38;25;16;57;25;37;18;57;15;26;1;20;8;12;14;49;17;3;19;8;9;6;12;6;14;9;11;11;15;55;22;23;8;31;2;23;13;10;14;38;10;3;9;11;7;11;6;13;5;32;3;33;5;20;15;11;10;7;11;5;10;21;7;34;12;9;7;7;11;30;12;31
"voix";49;263;20;61;73;39;15;4;78;37;14;32;67;160;13;46;72;38;33;99;7;120;28;52;23;30;24;69;14;106;42;20;68;10;47;78;13;117;52;6;38;12;24;15;51;23;40;68;26;13;7;14;6;33;31;33;21;17;32;53;48;99;26;169;41;28;31;16;18;20;12;83;32;85;19;156;182;6;66;9;26;11;97;231;133;25;12;121;17;12;18;13;22;19;24;34;15;88;10;21;19;17;72;56;36;31;16;64;88;39;17;31;19;39;0;124;29;49;21;145;33;45;12;38;115;15;12;12;15;49;14;10;115;19;29;15;57;33;18;12;48;32;11;72;33;35;6;30;189;19;15;60;32;57;9;59;121;19;34;32;21;61;16;62;32;50;66;27;62;49;42;37;111;28;49;13;17;27;17;41;90;24;4;36;10;35;9;13;13;17;8;30;39;23;70;36;13;10;25;12;28;20;44;25;77;14;17;28;19;23;12;23;34;14;73;16;130;10;71;23;32;12;22;17;13;5;27;23;46;20;16;4;14;20;36;8;37
"prendre";190;63;117;232;303;64;54;50;301;79;138;75;349;589;47;187;125;78;143;349;31;95;105;263;172;61;65;379;62;378;136;103;272;65;122;210;57;58;138;44;149;57;74;90;139;63;198;197;70;70;48;55;29;66;107;145;146;39;44;155;127;303;62;608;65;70;109;52;87;49;44;209;103;211;75;534;750;83;164;84;87;52;185;142;465;256;54;164;114;59;45;84;61;48;52;88;56;475;73;99;122;68;215;182;182;218;85;147;240;137;55;78;87;240;124;0;55;52;82;199;87;93;81;69;213;45;54;67;57;85;40;79;231;54;49;58;82;132;61;53;195;51;77;185;86;64;30;106;300;66;50;75;130;73;41;150;307;69;71;133;96;130;68;70;144;99;189;71;140;138;119;97;171;106;104;71;57;93;81;84;173;88;49;286;68;76;92;96;98;69;39;90;70;55;226;79;49;56;83;80;94;79;66;58;168;45;59;62;60;68;50;70;105;70;198;47;174;62;113;60;61;50;39;91;54;46;95;104;97;69;56;52;58;78;159;43;134
"marcher";25;24;20;27;49;23;5;5;41;21;15;19;41;74;12;28;24;24;23;54;8;26;21;28;24;5;9;72;15;48;18;10;24;14;24;15;12;14;20;2;30;9;26;9;23;6;10;23;176;9;13;7;4;13;11;16;18;8;16;13;20;25;12;67;12;8;9;9;13;8;10;24;14;24;2;95;125;4;28;11;11;4;40;34;49;8;12;30;6;13;5;19;8;8;5;17;3;36;5;13;8;14;24;23;32;23;8;41;23;22;32;20;10;30;29;55;0;8;12;40;8;18;4;11;29;9;12;13;6;13;2;5;41;19;7;13;6;33;12;8;15;9;5;22;12;13;9;11;50;8;2;11;3;8;7;26;36;17;33;30;44;13;7;15;21;27;28;20;39;21;23;10;20;18;25;7;31;16;7;5;29;12;2;10;5;7;11;7;5;18;3;15;8;6;22;20;13;10;3;10;15;11;15;10;23;11;12;13;5;11;9;10;27;4;24;2;36;2;13;15;18;7;7;9;16;12;7;12;15;12;5;5;13;3;13;7;18
"profond";29;17;10;35;45;25;7;5;63;13;14;26;47;101;6;24;16;29;18;61;7;63;29;43;22;5;17;49;8;32;12;13;27;8;19;30;10;24;23;7;48;12;23;8;49;5;36;25;8;6;10;26;2;11;17;21;19;19;23;28;34;49;10;102;4;20;21;8;9;9;9;34;10;38;16;125;67;5;42;17;9;8;42;45;62;20;8;19;17;29;5;5;2;24;5;16;6;31;15;11;12;14;60;39;31;53;11;31;40;39;11;18;8;9;49;52;8;0;21;60;15;15;7;43;37;7;11;11;12;13;5;12;46;17;44;9;9;31;10;9;21;8;20;30;6;7;7;17;36;15;6;5;10;22;7;31;68;21;18;15;13;48;24;45;23;14;42;40;26;24;32;21;68;35;28;9;7;25;12;15;25;24;1;14;5;9;23;12;23;6;2;20;19;11;31;14;9;8;20;11;13;9;158;8;23;16;13;58;5;12;9;14;19;7;41;7;26;7;23;16;21;31;9;18;5;9;14;13;25;11;14;5;5;9;24;9;26
"jouer";57;16;22;60;85;30;11;16;95;35;21;29;83;157;9;42;31;37;28;103;15;38;42;60;28;29;30;104;11;122;23;26;44;10;19;66;16;23;48;8;50;21;43;29;34;23;35;37;10;9;6;14;7;16;19;22;40;20;12;45;36;79;18;202;35;15;28;17;23;39;23;50;19;41;8;155;161;18;43;25;18;28;56;32;110;71;12;41;29;26;19;9;19;23;14;18;31;50;18;19;17;16;77;42;46;27;17;42;89;38;8;15;34;20;21;82;12;21;0;106;39;20;9;23;43;11;13;23;22;15;8;26;73;19;15;9;61;33;13;21;39;11;14;52;26;7;10;21;60;24;13;18;17;14;12;42;84;21;13;35;21;53;33;32;18;15;35;21;27;19;23;33;54;29;40;14;7;39;43;19;41;28;9;25;14;21;13;22;22;6;19;28;20;16;43;18;15;11;43;15;20;28;17;20;33;12;13;27;18;25;14;15;34;21;56;13;46;14;22;7;9;19;11;29;8;71;50;7;26;12;16;14;7;22;35;8;36
"oeil";125;43;28;126;177;125;24;21;215;94;34;69;150;478;19;66;48;165;103;199;49;291;114;115;57;58;49;202;32;261;56;46;138;31;73;213;20;38;130;23;95;28;78;33;252;19;108;108;42;21;24;25;10;46;50;49;74;166;36;78;68;203;52;393;70;41;54;31;29;122;29;151;64;120;63;384;221;17;156;31;44;13;307;100;204;51;31;90;34;50;19;25;29;53;32;48;54;182;75;52;31;41;144;133;70;75;65;121;144;118;62;102;22;68;145;199;40;60;106;0;71;70;31;73;93;23;23;48;31;73;55;24;178;33;43;27;338;130;44;37;80;36;31;120;55;120;14;40;148;47;20;60;49;56;50;96;236;35;77;77;79;119;58;119;42;179;105;104;159;46;102;62;163;81;325;18;50;65;31;58;90;63;7;33;16;42;44;27;44;32;24;47;27;34;118;45;37;21;33;34;48;102;50;89;128;28;22;63;20;34;31;41;62;33;81;18;103;10;69;27;50;16;32;55;23;40;50;33;92;39;14;19;21;18;59;18;66
"perdre";50;15;16;43;82;25;10;17;58;32;36;30;77;177;9;97;22;17;33;90;11;36;32;74;47;14;18;75;15;79;19;34;31;3;29;57;21;17;38;31;43;15;21;15;40;19;50;70;22;17;14;26;14;31;33;41;58;11;18;46;42;67;38;161;11;19;28;20;18;10;15;60;25;54;15;159;182;22;65;28;9;26;46;31;91;110;14;59;64;11;23;13;20;16;14;26;15;34;19;25;58;16;83;40;28;29;25;76;90;44;16;20;14;15;33;87;8;15;39;71;0;36;10;27;47;16;17;13;21;19;13;29;59;24;24;10;13;38;19;19;53;13;15;82;29;9;8;36;74;15;18;12;27;21;10;43;62;13;23;30;24;70;18;40;41;14;38;27;72;28;41;34;58;39;30;29;9;50;22;16;53;44;19;19;15;18;27;15;25;6;16;33;17;17;52;11;21;19;20;16;20;7;10;16;36;13;16;17;19;25;21;36;24;11;49;13;47;10;26;17;15;16;27;27;18;15;21;24;29;12;17;9;14;13;25;18;42
"mort";50;17;18;57;97;36;10;19;80;27;20;54;75;155;13;41;14;20;37;111;13;39;30;97;37;10;27;96;13;60;23;15;23;13;19;59;20;5;47;21;41;20;24;18;37;26;58;95;17;13;14;29;17;27;31;37;53;19;20;49;49;84;78;174;6;10;38;14;22;10;23;89;33;120;19;201;166;14;56;18;6;13;35;45;121;37;20;64;44;27;30;10;20;20;17;28;19;54;12;26;16;27;205;44;41;34;28;59;113;57;22;16;9;20;45;93;18;15;20;70;36;0;8;26;68;18;20;9;44;53;15;31;79;17;38;10;24;62;35;16;56;18;11;54;25;14;23;48;90;19;25;14;32;14;11;39;67;22;12;41;27;36;18;49;38;20;49;29;44;31;48;34;68;27;49;29;20;13;28;20;47;33;12;18;13;28;31;21;36;20;12;38;36;37;73;20;22;14;9;14;47;18;23;12;38;15;20;39;15;24;42;25;58;26;60;18;62;16;21;35;16;12;21;20;27;7;21;35;40;11;13;13;15;15;27;24;19
"présenter";33;5;14;39;57;12;14;7;48;14;10;5;28;83;4;20;22;19;30;47;12;18;14;47;45;7;31;52;13;58;21;15;18;13;24;34;6;12;27;6;30;6;18;6;7;13;25;18;5;6;14;8;4;8;14;20;31;12;10;17;28;37;7;76;6;11;17;10;12;19;8;23;15;28;13;80;76;15;16;12;11;5;18;25;71;39;6;23;18;13;5;9;8;4;9;14;3;37;21;8;12;8;26;29;34;20;17;26;25;23;6;16;17;14;12;81;4;7;9;31;10;8;0;12;46;8;5;11;14;9;8;13;46;6;5;15;6;12;11;12;34;13;11;18;12;12;6;18;33;19;6;7;35;10;8;25;42;8;10;16;14;14;7;12;22;14;23;13;16;12;16;10;19;20;15;3;10;10;17;9;15;8;4;21;3;5;10;15;21;4;4;8;10;7;49;16;7;16;13;9;20;7;9;6;27;11;7;11;17;7;4;14;14;6;28;12;25;10;10;5;12;9;11;10;9;5;32;16;26;20;12;6;0;19;19;16;26
"sentiment";57;9;4;38;98;38;18;10;115;23;8;23;51;136;0;38;22;42;39;87;20;51;39;45;13;15;24;56;6;56;8;17;33;5;25;94;19;28;43;12;56;4;24;21;47;9;88;46;10;11;10;21;4;21;74;11;21;4;22;60;54;101;21;261;5;30;20;14;15;8;47;65;20;32;22;244;74;10;39;49;4;28;28;30;69;3;5;42;27;35;8;0;12;37;18;16;13;26;14;17;13;37;167;37;15;19;15;81;70;59;12;28;5;8;38;69;11;43;23;73;27;26;12;0;32;8;20;24;18;37;48;4;53;3;37;14;24;54;15;15;38;27;18;106;31;8;25;29;43;35;20;4;29;16;16;69;122;63;31;14;9;140;60;152;24;9;35;62;22;37;63;27;198;43;19;13;6;73;5;13;19;46;2;12;6;21;17;7;34;5;8;21;18;6;34;13;10;2;10;12;9;6;21;19;34;13;19;43;23;30;15;21;17;15;50;7;27;6;38;8;21;15;17;40;7;7;14;12;20;7;5;3;4;2;17;6;23
"demander";94;37;42;139;195;38;33;34;157;79;52;40;141;350;19;86;39;29;76;217;23;85;56;140;86;33;69;174;36;211;82;66;119;22;71;116;35;35;92;27;85;28;31;50;62;51;157;130;40;37;39;38;35;53;47;94;92;12;16;81;112;176;61;341;31;25;83;45;51;23;21;121;55;171;49;262;468;56;111;50;33;17;139;101;368;168;44;142;63;34;28;40;32;36;31;49;33;122;32;56;79;46;93;110;100;81;44;120;124;81;33;31;38;34;115;213;29;37;43;93;47;68;46;32;0;33;35;23;48;78;10;73;135;40;22;53;45;74;29;27;131;33;11;129;32;34;26;83;469;35;39;29;97;50;35;97;195;38;31;95;45;69;25;39;72;58;96;40;80;70;63;98;88;49;45;42;31;44;56;55;110;63;25;50;36;38;52;62;61;34;38;72;24;34;186;77;47;34;40;32;63;19;52;31;152;31;38;58;51;85;32;44;55;57;121;58;152;52;49;34;39;25;21;63;53;17;61;94;89;52;48;35;33;43;129;27;91
"charger";27;7;12;37;59;8;8;6;49;5;23;9;39;64;13;16;11;6;24;64;18;10;23;36;41;10;18;52;9;57;24;21;17;5;12;19;6;15;19;10;20;11;10;12;13;24;26;28;10;15;13;11;29;12;9;45;30;10;11;27;23;42;14;74;11;8;9;14;6;12;7;27;25;36;9;70;90;30;24;21;5;5;23;19;57;73;13;30;37;8;12;12;11;4;2;14;10;9;12;10;15;19;20;25;31;22;17;21;41;21;8;8;13;6;15;45;9;7;11;23;16;18;8;8;33;0;9;4;13;13;3;12;23;10;6;10;5;28;7;15;19;4;8;22;14;13;2;30;24;11;7;4;14;10;5;18;33;9;7;13;15;17;5;17;24;11;11;11;21;23;13;12;18;18;17;17;13;11;11;6;15;15;15;25;8;7;19;9;25;11;10;14;10;11;24;15;9;23;6;7;25;12;4;5;17;3;5;21;17;11;9;5;17;17;28;14;17;15;14;11;10;5;8;7;19;10;16;9;19;7;26;6;7;10;16;7;17
"agir";24;10;5;26;41;11;12;17;44;9;19;11;22;87;1;22;15;9;20;67;6;8;15;32;18;2;15;38;6;39;15;12;16;6;4;23;5;6;16;4;25;5;9;10;9;8;52;28;5;13;12;10;7;17;15;53;28;1;5;18;25;35;12;81;4;6;19;6;6;4;2;26;9;31;7;100;99;6;19;27;7;7;17;22;37;35;5;52;27;3;5;3;8;16;11;9;6;18;5;14;17;9;79;23;18;16;9;28;33;21;7;6;5;4;12;54;12;11;13;23;17;20;5;20;35;9;0;7;10;9;8;5;33;5;11;5;6;16;8;13;43;6;10;29;10;3;16;21;53;11;24;9;20;19;6;29;42;14;6;11;13;21;11;22;9;7;14;17;14;23;19;36;23;22;13;13;11;25;5;4;29;21;13;9;5;14;17;8;17;5;1;11;10;12;29;10;14;6;12;16;7;7;7;7;24;9;10;20;28;18;15;10;10;13;25;8;40;5;13;11;5;14;3;10;15;6;7;13;16;7;5;3;12;10;23;15;29
"sorte";23;1;18;29;46;15;5;7;34;12;12;14;35;84;2;22;22;15;24;72;4;26;24;22;21;10;13;36;4;38;11;6;15;5;15;26;10;14;21;8;34;12;13;17;12;10;36;16;13;5;9;10;4;16;25;18;19;6;10;28;20;43;8;105;12;13;6;6;8;5;22;31;11;21;7;85;55;8;23;19;4;5;40;23;46;14;11;19;12;6;4;3;10;13;10;12;3;18;11;4;7;13;50;26;14;18;9;24;26;21;11;23;7;5;12;67;13;11;23;48;13;9;11;24;23;4;7;0;6;11;11;8;41;3;12;5;5;33;13;9;18;13;9;14;8;7;6;14;37;10;10;6;9;5;10;30;45;12;21;16;9;30;16;34;11;8;16;18;18;18;21;6;31;19;17;7;10;28;8;13;18;17;2;16;3;13;12;7;16;7;2;10;17;12;22;13;4;8;18;9;13;6;14;10;19;10;9;19;6;10;6;7;12;8;19;9;23;4;11;4;13;14;12;17;2;7;11;16;21;4;8;4;1;6;12;4;17
"apprendre";46;6;16;42;58;9;13;13;65;12;12;10;33;75;3;35;10;10;26;71;5;16;24;58;38;7;24;60;13;64;19;29;23;2;9;48;13;15;29;9;35;22;12;16;12;18;61;40;5;14;7;19;11;21;10;26;53;3;11;25;38;60;13;108;3;11;27;22;13;5;9;52;24;59;25;93;114;8;30;6;3;11;20;14;122;43;9;26;35;19;6;11;17;13;4;20;16;28;7;13;17;8;55;23;37;19;16;39;36;39;7;6;21;5;15;57;6;12;22;31;21;44;14;18;48;13;10;6;0;20;14;30;47;17;9;20;11;27;12;9;40;14;5;40;22;4;5;25;42;12;28;11;28;14;11;33;71;18;15;34;6;25;10;14;24;7;35;11;17;25;15;14;29;19;19;22;9;25;23;12;29;14;6;21;11;18;13;29;29;17;7;19;15;30;53;10;17;7;14;10;15;2;9;7;53;8;17;41;10;13;8;21;18;27;43;9;28;8;9;18;9;15;4;16;7;12;17;29;19;16;18;10;7;10;37;11;31
"dieu";40;12;10;34;76;25;12;18;70;26;17;33;83;196;6;49;17;9;42;108;13;35;25;86;34;15;14;80;13;76;13;17;23;8;21;71;15;15;38;10;28;8;24;33;40;15;75;89;36;21;20;21;11;32;22;25;24;6;21;42;48;94;39;141;6;17;34;18;13;4;16;82;30;89;20;194;178;16;60;11;14;12;48;63;94;38;16;63;31;21;5;8;23;12;18;66;13;70;15;17;22;17;89;37;27;41;16;90;115;48;11;17;8;14;49;85;13;13;15;73;19;53;9;37;78;13;9;11;20;0;17;12;48;23;15;10;36;51;21;11;90;12;9;111;60;16;25;39;88;10;14;9;22;30;15;93;47;24;9;36;31;71;21;73;30;37;45;38;47;27;30;47;106;40;20;35;12;22;22;21;108;51;11;20;10;19;22;19;22;10;12;19;12;22;29;11;17;8;9;10;26;12;14;15;42;11;12;38;17;29;23;36;39;18;53;20;57;25;43;32;15;12;13;24;40;9;23;29;20;16;9;5;8;13;38;23;21
"noble";16;5;12;47;46;13;8;10;85;14;10;12;28;88;3;24;23;22;10;46;6;20;14;29;44;10;18;55;7;31;8;10;16;10;6;92;7;13;21;12;30;19;6;13;12;6;35;37;8;8;3;8;5;4;29;19;22;9;9;22;21;85;19;140;6;9;14;22;3;11;9;46;22;23;13;83;48;9;18;16;2;12;13;21;37;27;9;32;31;13;18;1;11;11;9;30;10;21;14;8;14;12;34;16;11;19;6;28;51;31;3;7;6;4;14;40;2;5;8;55;13;15;8;48;10;3;8;11;14;17;0;11;28;5;7;14;12;24;5;8;28;4;16;35;20;6;12;17;20;8;11;5;21;6;10;31;73;19;17;8;9;48;19;53;20;6;16;30;17;14;26;15;74;20;14;22;7;30;10;9;26;13;3;16;5;8;7;10;61;3;8;18;9;8;26;7;8;12;8;8;11;3;7;6;23;4;13;18;11;7;9;9;19;8;26;7;24;6;11;7;8;12;12;14;13;0;14;22;42;5;9;5;11;4;24;7;17
"mois";107;7;40;69;86;11;20;12;59;15;17;19;38;158;12;58;13;5;28;146;15;6;31;128;68;12;46;64;16;99;38;20;16;7;21;67;31;9;65;52;24;20;11;27;18;31;34;49;17;27;13;9;20;15;19;30;82;6;28;45;37;68;32;129;17;21;22;21;6;10;8;60;32;47;15;89;154;54;57;14;12;9;16;26;100;265;20;35;38;21;17;8;10;12;6;28;73;19;19;38;31;15;74;97;46;34;17;47;51;48;9;20;53;11;10;79;5;12;26;24;29;31;13;4;73;12;5;8;30;12;11;0;57;14;11;22;7;54;24;10;62;5;16;33;25;8;10;32;54;26;44;6;39;10;14;34;54;18;10;35;11;45;17;16;43;11;24;16;19;39;28;31;28;23;20;13;4;26;34;16;21;29;19;32;20;26;19;35;36;16;8;25;6;14;75;18;11;16;18;20;24;12;11;12;46;13;10;18;13;25;9;10;45;28;49;30;38;20;16;13;20;9;14;26;13;12;18;21;24;13;14;32;16;11;43;11;34
"moment";161;35;62;129;247;74;28;16;154;71;58;63;144;368;14;69;38;54;66;190;31;115;98;141;107;42;59;164;21;162;115;51;75;17;133;119;80;42;89;30;100;25;44;34;85;29;90;79;40;30;31;31;20;59;66;73;109;23;52;98;93;142;59;360;33;37;70;24;40;29;29;125;59;127;41;308;339;38;160;50;31;23;149;160;318;78;35;133;70;40;21;47;33;27;29;62;32;124;47;77;44;36;204;144;146;59;66;145;111;109;58;80;51;54;115;231;41;46;73;178;59;79;46;53;135;23;33;41;47;48;28;57;0;40;59;43;52;116;29;48;100;41;33;116;71;75;15;66;137;32;48;49;78;43;38;88;206;41;38;111;55;120;52;89;85;65;88;74;90;156;104;82;150;84;96;35;43;43;61;45;68;64;19;64;17;51;43;55;57;43;26;66;65;47;156;148;24;38;97;28;100;40;130;48;110;27;18;62;24;35;36;31;120;38;112;27;103;24;60;36;48;37;34;47;29;28;46;45;96;39;36;23;43;63;80;29;104
"nuit";31;10;22;33;51;11;5;5;40;16;10;17;40;109;25;22;8;9;20;59;9;15;16;121;31;4;7;51;11;48;38;12;15;9;22;35;14;13;29;10;17;10;12;10;19;2;16;34;8;11;7;5;4;21;15;26;29;11;38;16;15;36;8;87;3;16;12;6;8;3;5;33;12;24;27;81;132;10;50;6;6;13;22;41;88;23;7;20;11;12;9;9;6;6;3;13;4;18;4;26;6;19;47;174;96;24;20;35;23;13;14;25;9;5;19;54;19;17;19;33;24;17;6;3;40;10;5;3;17;23;5;14;40;0;7;4;6;18;9;13;17;9;1;22;11;13;0;19;34;16;5;9;26;11;14;20;45;4;6;36;21;27;5;16;20;21;13;22;24;36;17;24;22;12;14;6;10;10;21;8;18;13;0;19;7;13;11;47;8;14;6;5;12;10;33;12;3;6;6;15;36;19;33;3;26;5;9;11;4;10;7;8;23;28;17;4;24;13;3;7;16;2;10;22;2;17;16;11;13;10;13;4;3;5;19;6;11
"douleur";42;6;4;18;45;24;8;5;56;17;6;21;34;89;0;16;4;20;19;46;7;25;16;41;11;5;15;27;4;37;9;8;14;6;9;30;5;9;23;9;16;6;16;3;27;6;25;34;13;8;2;18;3;10;10;13;17;9;13;28;36;44;38;93;3;7;18;3;4;9;16;59;11;23;9;72;53;5;33;9;10;7;23;29;51;5;6;20;2;24;5;5;7;16;9;8;5;31;8;8;10;10;80;34;13;9;6;45;56;20;11;15;4;8;29;49;7;44;15;43;24;38;5;37;22;6;11;12;9;15;7;11;59;7;0;11;36;35;17;9;31;14;10;37;16;2;4;19;35;13;5;13;23;13;5;35;38;33;10;13;4;43;9;60;15;8;26;26;36;14;38;16;89;27;20;6;8;16;16;16;15;17;3;7;0;16;8;7;11;1;3;4;44;10;30;10;4;2;9;12;13;11;16;14;7;10;2;25;5;8;11;16;20;15;29;12;18;5;18;8;12;1;16;23;5;6;6;8;20;6;7;0;1;1;12;3;13
"nouveau";20;7;8;38;62;13;13;2;52;12;16;7;34;85;7;30;9;10;17;83;9;25;19;61;27;10;19;46;8;54;18;13;13;8;11;25;8;10;23;14;24;15;15;18;15;12;35;26;14;16;6;6;4;15;29;24;36;3;12;34;31;23;12;73;5;11;6;6;2;5;6;29;21;35;21;65;92;12;20;12;6;11;27;29;103;21;23;32;20;8;4;11;7;5;2;14;6;24;8;17;8;4;22;27;30;14;12;29;26;24;10;13;16;5;15;58;13;9;9;27;10;10;15;14;53;10;5;5;20;10;14;22;43;4;11;0;7;15;14;11;20;16;12;26;18;3;15;20;27;13;15;12;17;6;9;37;36;14;16;18;15;13;5;14;29;10;27;13;16;21;24;14;23;14;20;13;10;22;13;5;20;19;1;20;10;13;8;18;20;14;6;21;8;5;36;16;7;5;11;14;20;13;9;7;20;14;11;10;6;11;5;13;11;17;33;11;25;15;11;10;14;15;7;17;11;8;14;26;14;6;13;17;15;18;22;8;25
"larme";27;17;9;29;67;12;5;2;25;22;5;53;74;121;3;19;7;8;17;47;8;41;11;28;16;6;11;60;9;46;22;6;17;1;17;48;3;4;32;1;9;5;27;10;41;2;17;63;17;5;2;12;3;9;12;11;12;6;11;29;19;46;28;113;35;6;31;5;13;14;8;74;15;35;12;71;81;9;39;5;22;4;58;35;94;11;7;32;10;17;3;5;6;19;4;17;10;87;12;16;9;6;36;29;18;17;5;34;71;17;10;18;6;34;57;82;6;9;61;338;13;24;6;24;45;5;6;5;11;36;12;7;52;6;36;7;0;44;11;2;44;5;5;49;19;15;4;12;46;4;4;11;25;10;7;20;50;7;12;42;18;40;9;20;20;23;40;15;51;12;26;28;78;40;15;3;10;13;16;20;54;22;0;17;5;9;7;10;20;4;2;7;13;12;32;14;5;2;3;7;11;17;11;12;17;5;1;12;6;7;8;24;35;13;28;5;38;3;21;8;5;1;12;15;5;8;16;3;22;12;2;1;5;4;22;9;27
"vivre";97;20;61;118;121;34;31;25;141;35;52;31;80;179;20;110;35;54;48;152;31;59;40;138;74;24;30;94;19;155;49;37;63;18;69;91;25;25;68;31;84;39;42;33;54;29;65;97;38;46;20;26;26;25;38;39;111;15;52;41;50;141;78;272;15;27;63;39;22;35;33;110;49;90;25;257;232;34;76;27;25;21;80;69;147;109;34;43;85;37;20;33;25;21;14;44;15;71;12;47;30;28;151;69;61;44;33;113;114;64;30;38;17;23;33;132;33;31;33;130;38;62;12;54;74;28;16;33;27;51;24;54;116;18;35;15;44;0;37;36;65;28;23;80;94;33;18;47;60;37;42;11;42;21;22;114;133;27;32;58;39;94;35;48;63;48;45;43;67;56;62;60;104;38;40;18;25;44;33;48;49;46;49;35;23;32;41;36;60;21;16;30;22;34;99;57;19;29;41;25;40;25;19;17;66;14;30;30;13;29;25;25;47;33;62;12;45;20;35;30;29;18;26;52;21;12;43;32;50;24;19;21;10;12;42;27;69
"peine";22;11;22;31;60;19;4;7;60;18;22;6;43;112;6;52;8;16;25;103;12;13;29;32;34;18;18;39;15;47;19;9;21;5;30;35;16;10;20;12;19;14;13;15;18;7;35;33;14;15;6;14;4;12;16;24;26;14;12;28;27;47;13;104;7;13;24;9;8;18;13;27;21;26;7;88;80;20;35;12;4;7;24;27;67;56;12;36;17;13;5;14;7;7;7;17;11;22;6;15;20;19;47;35;23;19;15;15;30;19;7;19;13;8;18;61;12;10;13;44;19;35;11;15;29;7;8;13;12;21;5;24;29;9;17;14;11;37;0;16;26;13;4;31;22;5;12;10;18;14;15;7;10;8;6;31;45;13;5;19;19;29;7;23;24;16;19;11;14;27;24;18;42;22;10;7;10;9;8;13;15;24;17;8;21;11;16;14;17;14;35;15;26;8;19;16;5;10;7;12;6;8;9;11;13;3;7;18;7;8;10;18;15;5;28;13;21;10;23;5;18;9;14;22;6;1;11;16;13;6;6;13;11;2;20;6;13
"occuper";47;10;33;40;83;10;6;12;62;19;66;4;42;106;11;41;18;15;26;54;13;17;27;63;53;8;12;52;4;70;54;15;17;17;25;55;10;17;20;11;39;38;18;15;15;14;51;23;20;20;5;12;11;14;14;62;38;12;15;29;21;43;9;98;14;16;17;11;14;4;6;36;16;43;11;105;81;11;41;19;22;5;38;21;72;18;16;40;26;14;7;3;11;9;11;22;12;23;15;15;16;9;61;40;53;17;19;31;34;20;12;20;10;9;12;53;8;9;21;37;19;16;12;15;27;15;13;9;9;11;8;10;48;13;9;11;2;36;16;0;16;13;9;15;16;10;3;15;30;18;12;9;15;4;6;33;43;4;10;23;20;20;16;24;22;6;24;30;22;26;12;28;30;18;12;11;11;18;14;13;12;16;1;8;18;19;20;25;25;8;6;13;21;13;28;10;4;15;21;12;24;16;10;10;36;6;17;8;11;13;1;7;6;8;27;9;16;12;11;11;5;24;7;16;14;12;14;19;18;14;4;8;8;15;22;5;16
"cher";74;22;27;66;162;34;27;19;137;42;35;37;150;377;14;84;28;21;76;193;26;46;43;140;48;33;53;127;26;255;47;43;61;15;38;137;26;36;64;23;69;21;40;36;38;36;124;147;23;46;14;29;59;33;33;71;98;20;21;84;89;148;54;327;18;34;90;34;38;15;21;188;73;132;48;292;339;91;105;34;22;22;93;75;218;102;12;101;78;29;24;12;38;27;31;42;26;84;29;41;48;22;155;76;63;57;36;102;329;66;24;26;52;34;48;195;15;21;39;80;53;56;34;38;131;19;43;18;40;90;28;62;100;17;31;20;44;65;26;16;0;18;12;202;70;21;13;60;195;23;53;37;102;70;26;92;96;42;17;55;43;136;25;66;56;23;102;43;56;56;50;93;133;54;26;17;24;45;53;32;104;87;27;52;25;23;22;52;49;26;42;29;27;45;136;39;22;18;29;30;51;14;21;18;70;27;18;46;39;53;32;25;52;65;205;27;127;32;58;46;24;18;33;47;22;23;72;42;68;63;17;29;18;41;75;42;63
"inconnu";23;7;21;28;59;25;4;4;64;20;18;16;28;98;6;24;11;20;22;51;9;26;28;33;21;9;9;47;10;35;15;14;27;4;16;41;10;10;19;3;22;10;14;5;29;14;35;18;7;11;3;9;2;22;15;10;27;11;11;17;23;46;11;99;8;17;10;5;16;5;5;18;9;12;9;111;68;8;29;12;10;8;31;40;64;18;8;34;18;21;2;14;11;16;8;20;13;30;12;10;5;17;42;31;23;10;14;31;19;24;14;24;2;12;32;51;9;8;11;36;13;18;13;27;33;4;6;13;14;12;4;5;41;9;14;16;5;28;13;13;18;0;9;24;10;12;8;6;41;16;5;4;22;11;14;40;74;18;23;22;14;24;19;35;18;11;24;13;24;18;25;19;40;20;26;4;16;20;12;6;17;8;4;12;4;15;9;7;11;10;3;19;10;5;30;17;4;6;11;10;15;8;13;22;30;9;9;22;6;14;3;9;15;8;21;5;30;3;16;2;13;7;5;15;11;7;9;29;17;5;5;2;10;6;21;3;21
"caractère";24;9;8;34;56;26;13;10;74;18;13;3;30;66;9;26;25;28;19;72;6;17;25;32;17;9;7;28;4;35;6;7;20;6;3;47;10;17;21;9;30;11;14;18;14;9;39;12;3;11;7;20;2;8;28;18;16;9;9;33;53;62;5;104;14;9;20;6;10;9;24;20;11;19;9;134;54;6;20;14;4;13;16;12;23;18;12;24;19;17;7;3;10;21;10;9;7;14;26;6;2;18;73;24;5;7;16;32;29;34;6;11;2;3;11;77;5;20;14;31;15;11;11;18;11;8;10;9;5;9;16;16;33;1;10;12;5;23;4;9;12;9;0;37;15;6;15;8;22;19;12;6;12;9;12;37;67;26;10;18;7;34;22;33;9;4;24;13;34;15;12;12;39;17;12;4;2;34;4;6;5;14;3;9;3;11;12;1;18;2;5;14;7;9;23;7;8;8;13;12;17;7;9;9;23;21;3;19;6;11;6;16;12;16;21;4;19;2;14;10;24;8;6;8;9;4;12;13;14;4;5;6;2;2;8;1;18
"aimer";108;41;21;79;177;47;29;19;156;49;24;34;160;403;9;79;49;23;58;207;46;97;55;157;51;45;58;130;19;205;32;28;75;16;39;197;29;34;99;18;93;26;31;43;75;18;137;175;35;18;9;43;20;50;48;35;77;12;26;90;125;213;91;735;25;39;98;41;51;21;49;168;82;165;38;494;302;18;97;31;12;36;113;83;175;55;17;87;68;38;20;17;33;33;24;42;24;92;28;68;25;34;197;78;46;47;31;169;216;80;17;40;30;26;72;185;22;30;52;120;82;54;18;106;129;22;29;14;40;111;35;33;116;22;37;26;49;80;31;15;202;24;37;0;119;17;21;59;181;32;35;28;62;43;26;148;220;69;29;50;47;303;92;133;41;30;100;55;72;48;135;93;224;79;20;24;10;75;51;39;118;126;16;28;42;34;40;27;57;21;34;34;38;51;93;22;31;14;30;23;44;23;41;31;97;27;25;68;39;82;43;46;55;42;115;20;127;10;62;16;30;15;35;84;33;16;67;51;62;42;8;9;23;16;56;24;79
"heureux";60;12;18;47;138;16;14;11;83;17;21;22;63;215;2;59;18;20;28;110;15;31;46;95;50;24;29;76;13;86;23;14;38;11;18;90;21;14;35;32;61;16;26;23;20;13;76;60;21;4;9;18;7;29;31;27;63;5;17;178;43;101;36;259;14;16;50;35;16;16;18;92;43;74;16;215;158;20;61;13;13;21;47;40;85;59;13;45;52;18;17;16;17;16;20;23;18;46;17;20;24;12;125;50;43;30;20;63;89;49;17;17;20;13;33;86;12;6;26;55;29;25;12;31;32;14;10;8;22;60;20;25;71;11;16;18;19;94;22;16;70;10;15;119;0;6;7;47;50;13;60;8;33;20;32;81;118;20;14;25;22;121;29;52;32;15;42;34;33;31;45;25;87;25;11;16;16;34;28;26;42;111;10;18;16;25;20;13;32;15;10;27;7;18;59;16;13;6;12;12;26;10;9;19;50;22;14;24;14;22;18;25;23;25;54;12;56;16;29;8;11;9;25;39;20;6;19;18;32;8;5;6;7;13;33;6;35
"ouvrir";32;17;24;38;59;12;3;4;68;28;8;10;50;112;11;27;10;13;26;47;11;22;18;28;45;7;14;53;13;66;67;16;39;9;296;28;9;14;25;5;24;10;16;11;23;5;15;28;14;22;9;5;1;18;7;13;12;19;13;13;15;51;10;75;14;10;13;6;6;21;0;28;5;33;28;56;141;6;36;10;12;3;34;60;79;18;10;38;7;9;3;10;10;5;5;13;7;35;17;9;12;14;21;38;39;17;9;27;26;24;15;30;6;22;35;64;13;7;7;120;9;14;12;8;34;13;3;7;4;16;6;8;75;13;2;3;15;33;5;10;21;12;6;17;6;0;3;9;31;12;8;13;40;11;5;25;58;8;6;23;18;13;3;15;18;24;30;7;31;26;15;17;67;19;23;3;9;7;9;9;31;6;2;8;16;13;6;9;4;17;6;16;16;10;29;35;7;21;56;9;18;13;8;12;28;4;5;9;4;4;1;4;12;10;18;5;20;9;11;9;11;2;6;12;7;4;8;13;11;16;7;6;6;2;18;5;25
"loi";17;7;8;16;49;13;15;13;62;10;9;8;31;49;2;21;15;6;26;47;4;7;14;19;13;3;16;60;4;36;18;9;7;3;12;26;11;6;11;4;37;8;13;14;4;11;27;22;6;9;21;10;5;13;16;27;21;6;11;39;37;23;14;74;9;13;13;8;6;4;34;11;10;30;8;111;50;9;17;17;5;8;11;14;33;23;6;18;24;5;7;1;11;7;16;8;4;20;7;5;13;11;34;22;11;10;8;32;32;32;10;8;2;0;6;30;9;7;10;14;8;23;6;25;26;2;16;6;5;25;12;10;15;0;4;15;4;18;12;3;13;8;15;21;7;3;0;10;14;20;27;6;16;9;8;51;25;15;4;17;4;24;14;21;9;7;19;12;13;12;18;13;22;19;6;28;7;38;6;9;8;13;4;7;0;4;19;3;31;3;16;17;6;6;14;8;14;8;6;16;12;3;1;2;7;10;14;15;12;25;2;15;13;12;17;9;26;5;10;5;11;12;4;16;10;0;6;22;7;4;9;9;5;10;7;9;9
"fils";58;11;24;113;80;15;15;15;103;36;35;19;85;166;14;48;15;6;38;158;11;26;28;71;60;13;24;103;11;90;29;36;32;16;27;60;9;25;34;21;34;32;28;34;25;48;47;60;23;16;50;20;19;19;17;56;87;7;15;44;44;113;44;117;21;20;30;42;17;14;5;185;50;287;22;130;151;31;29;25;16;24;54;45;125;93;33;51;77;19;24;13;28;25;23;32;10;44;19;24;36;18;49;66;44;41;20;53;124;81;8;22;21;20;30;106;11;17;21;40;36;48;18;29;83;30;21;14;25;39;17;32;66;19;19;20;12;47;10;15;60;6;8;59;47;9;10;0;67;17;53;15;44;16;7;45;95;20;11;35;21;33;7;26;33;18;30;15;25;36;25;30;49;28;26;35;17;21;19;36;62;22;27;29;20;22;35;18;86;18;14;32;16;38;85;30;32;27;7;14;25;15;21;11;60;13;20;28;32;35;21;22;32;29;38;18;51;31;20;15;23;12;14;12;30;8;40;36;69;22;31;11;7;16;58;19;23
"répondre";97;73;38;178;198;50;37;28;162;108;42;35;181;440;3;93;44;41;82;244;14;125;66;139;75;32;48;180;44;253;70;70;178;29;63;153;26;45;97;15;79;32;38;47;81;51;143;135;50;32;54;37;28;84;59;130;87;13;22;86;144;196;52;390;40;44;104;43;111;22;21;154;76;231;50;363;530;61;115;46;29;35;217;150;344;121;46;183;63;46;25;37;45;40;39;56;35;148;38;72;54;31;110;109;101;100;55;136;140;98;25;36;46;49;189;300;50;36;60;148;74;90;33;43;469;24;53;37;42;88;20;54;137;34;35;27;46;60;18;30;195;41;22;181;50;31;14;67;0;24;40;72;79;83;28;108;230;73;44;78;43;81;25;38;72;79;150;40;114;84;68;102;106;103;57;29;32;59;58;86;210;51;23;60;22;45;39;49;40;37;43;74;35;47;242;62;26;24;33;32;74;39;49;81;193;28;35;56;55;82;38;42;54;49;148;17;218;34;71;76;37;23;27;41;57;28;88;77;118;68;71;28;25;35;161;56;133
"effet";40;16;18;40;69;26;9;14;77;25;16;18;31;119;8;38;26;18;25;83;11;25;20;43;35;13;20;51;12;56;20;13;23;10;18;37;10;22;40;9;36;19;17;18;13;15;46;21;12;10;16;36;10;16;23;29;31;13;11;36;24;39;7;89;12;17;17;9;7;18;27;29;13;33;13;101;95;22;22;12;7;13;25;23;69;44;10;27;15;8;11;10;9;12;17;14;5;22;23;6;24;30;55;43;25;14;22;21;34;30;14;27;9;11;19;66;8;15;24;47;15;19;19;35;35;11;11;10;12;10;8;26;32;16;13;13;4;37;14;18;23;16;19;32;13;12;20;17;24;0;12;12;21;7;12;37;61;20;19;18;18;34;21;44;17;10;39;15;32;25;27;16;37;25;29;14;9;34;13;13;14;12;4;16;9;18;22;13;14;9;14;17;12;15;44;11;13;17;12;19;16;12;14;10;30;18;11;11;10;20;9;11;21;5;19;15;22;15;17;10;25;16;9;10;5;7;15;15;7;10;13;6;7;5;26;8;23
"mariage";86;6;14;49;69;13;13;14;62;12;17;6;37;109;2;53;15;10;15;102;11;12;28;98;37;10;19;45;6;63;12;22;10;12;11;66;11;16;27;27;26;26;18;7;12;17;40;30;14;24;10;19;9;16;31;25;38;2;7;49;30;155;18;160;10;16;48;32;10;3;9;78;83;68;10;85;79;8;34;14;8;11;27;32;78;48;13;65;62;12;19;7;14;7;32;21;9;16;16;13;11;13;74;35;17;24;22;45;61;43;11;10;14;7;15;50;2;6;13;20;18;25;6;20;39;7;24;10;28;14;11;44;48;5;5;15;4;42;15;12;53;5;12;35;60;8;27;53;40;12;0;9;18;6;14;46;104;9;6;16;5;81;34;17;21;6;30;12;15;20;28;31;40;24;6;11;13;22;21;14;25;46;28;18;22;17;17;14;52;9;9;24;16;16;75;5;13;19;15;20;25;5;11;6;103;18;16;31;11;19;2;23;22;18;29;22;36;7;11;8;11;9;13;23;15;2;37;12;26;14;13;7;3;8;40;19;18
"oreille";26;35;11;45;35;18;4;3;24;27;10;9;37;83;3;15;15;14;24;46;5;27;14;21;17;16;4;37;16;73;30;16;36;10;27;23;6;17;16;4;20;4;14;10;33;6;22;20;9;5;9;6;7;6;11;19;17;7;5;19;15;41;14;93;14;5;26;8;14;9;6;42;13;28;6;75;90;15;28;5;13;6;48;84;84;35;10;52;5;9;3;8;10;7;2;4;11;44;8;13;15;20;19;34;21;11;11;19;20;14;6;15;9;19;60;75;11;5;18;60;12;14;7;4;29;4;9;6;11;9;5;6;49;9;13;12;11;11;7;9;37;4;6;28;8;13;6;15;72;12;9;0;11;28;5;17;63;5;10;27;12;16;3;9;26;23;72;8;41;28;16;16;33;20;17;3;9;15;16;14;29;10;3;13;6;8;11;9;13;14;5;9;12;7;34;10;8;4;19;10;6;7;12;6;37;8;4;8;10;7;11;4;13;7;27;4;15;9;31;8;10;3;9;7;7;3;16;15;21;15;11;4;9;13;18;12;31
"lettre";97;18;24;43;121;15;155;19;60;44;17;34;68;150;5;38;11;9;58;112;8;20;34;111;33;11;146;147;42;93;60;21;20;14;31;46;18;13;42;16;37;7;38;22;73;11;45;51;7;21;10;20;10;38;19;41;70;14;28;51;45;55;15;160;16;19;36;8;14;17;9;80;27;64;250;117;182;30;41;14;13;8;42;33;137;88;21;57;23;20;14;10;16;12;12;25;13;79;14;26;35;34;60;58;68;38;31;46;48;29;12;30;20;12;32;130;3;10;17;49;27;32;35;29;97;14;20;9;28;22;21;39;78;26;23;17;25;42;10;15;102;22;12;62;33;40;16;44;79;21;18;11;0;16;7;39;87;24;11;29;13;70;11;35;50;17;74;23;17;51;38;42;60;26;32;14;18;39;25;13;44;23;10;35;14;32;31;27;40;8;8;16;19;34;95;26;11;10;8;27;51;40;10;13;67;26;8;35;25;21;15;11;71;317;77;18;61;55;11;14;16;12;14;23;24;13;42;37;39;14;21;15;7;23;68;15;58
"écouter";26;17;14;38;61;19;9;6;60;22;8;15;51;112;7;37;23;12;25;70;7;27;32;30;22;13;13;47;13;65;19;13;63;6;28;25;14;14;36;6;28;7;17;11;19;8;56;32;9;6;19;9;8;23;19;30;15;2;15;19;29;49;12;90;9;18;22;3;16;6;4;56;13;52;15;109;131;9;58;20;20;5;53;82;75;32;10;75;18;17;4;6;11;8;13;18;8;33;4;10;12;9;48;32;45;21;12;35;49;25;13;20;5;16;57;73;8;22;14;56;21;14;10;16;50;10;19;5;14;30;6;10;43;11;13;6;10;21;8;4;70;11;9;43;20;11;9;16;83;7;6;28;16;0;7;33;59;17;21;16;19;38;14;27;17;16;56;14;32;27;34;26;44;38;15;5;17;26;17;12;45;15;5;12;8;22;10;12;9;10;8;15;24;8;42;11;18;5;11;9;19;6;33;12;31;18;5;19;15;23;11;14;22;15;43;6;67;6;34;10;15;19;5;20;2;1;21;10;20;17;7;5;5;13;26;14;23
"rencontrer";43;7;26;36;60;15;8;4;58;7;18;7;13;69;13;22;15;15;25;30;14;41;20;46;19;17;10;33;5;33;9;9;8;7;17;43;5;15;37;10;43;18;12;11;17;8;30;34;12;9;9;15;5;12;18;25;44;5;17;17;27;40;9;113;8;11;18;16;7;4;16;24;9;21;6;137;93;10;8;8;4;15;20;17;40;12;18;25;10;6;4;13;5;11;10;15;7;18;9;11;7;7;39;24;28;10;27;28;31;13;10;12;10;12;9;41;7;7;12;50;10;11;8;16;35;5;6;10;11;15;10;14;38;14;5;9;7;22;6;6;26;14;12;26;32;5;8;7;28;12;14;5;7;7;0;43;66;19;8;25;20;27;12;31;25;7;11;18;17;21;17;14;35;11;13;7;11;23;18;7;23;19;5;13;7;19;15;20;17;9;6;16;14;3;30;16;6;5;12;18;9;4;8;9;15;14;8;10;8;6;5;19;11;6;31;7;12;8;6;7;12;6;10;11;5;9;14;6;26;2;6;3;12;9;14;3;17
"monde";79;24;28;59;214;51;26;19;204;54;47;33;80;346;8;73;48;29;61;154;38;57;64;113;66;37;67;145;11;146;35;24;58;10;40;187;28;47;63;26;147;40;37;44;56;31;140;77;17;21;14;40;10;43;67;50;132;9;44;65;118;137;34;402;14;33;54;27;41;18;33;87;42;81;25;334;315;28;100;45;21;20;48;74;161;44;19;101;73;47;17;23;39;32;32;40;33;47;29;41;40;35;181;93;78;60;43;150;125;80;22;36;42;12;59;150;26;31;42;96;43;39;25;69;97;18;29;30;33;93;31;34;88;20;35;37;20;114;31;33;92;40;37;148;81;25;51;45;108;37;46;17;39;33;43;0;167;41;26;43;59;124;62;70;50;19;76;64;48;67;77;77;119;76;29;33;32;85;52;31;56;78;12;34;18;53;40;39;62;19;31;42;30;20;86;42;32;43;61;26;37;16;28;28;71;36;34;46;39;61;21;35;41;33;113;21;63;16;43;24;28;56;13;72;22;14;69;45;49;20;15;18;16;26;43;15;82
"jeune";238;52;75;251;321;92;29;37;260;98;56;56;177;478;26;141;64;107;90;294;53;174;122;190;126;119;62;256;50;246;64;72;131;29;80;350;47;68;109;40;575;74;78;64;133;88;135;152;34;45;38;41;21;72;84;81;176;55;55;130;130;982;63;772;40;67;77;93;76;61;48;273;142;171;49;1568;397;28;138;49;46;46;173;135;310;99;53;130;103;53;36;51;53;57;48;74;57;155;52;62;54;58;251;149;112;75;65;160;190;155;54;92;41;64;121;307;36;68;84;236;62;67;42;122;195;33;42;45;71;47;73;54;206;45;38;36;50;133;45;43;96;74;67;220;118;58;25;95;230;61;104;63;87;59;66;167;0;66;53;96;61;213;81;153;94;64;114;91;138;97;125;96;261;108;90;56;68;105;68;104;132;84;22;78;47;63;43;49;119;60;34;57;64;50;332;88;51;60;66;52;83;47;52;81;226;54;39;88;42;63;30;60;76;53;165;36;122;48;64;37;72;49;56;101;67;17;88;77;119;55;74;26;67;32;88;27;95
"vrai";36;11;12;39;72;21;16;14;68;26;15;18;36;125;3;28;13;22;44;75;16;14;31;46;23;9;15;61;9;57;19;11;21;13;17;53;15;9;29;7;44;11;16;15;14;15;64;39;18;17;6;12;10;16;10;26;46;11;11;29;27;69;11;152;12;9;23;11;19;9;23;36;10;42;19;122;96;19;32;18;8;10;35;21;68;36;16;43;19;21;10;5;13;13;6;25;12;41;8;13;13;14;58;34;24;15;16;40;49;35;9;9;5;7;19;69;17;21;21;35;13;22;8;63;38;9;14;12;18;24;19;18;41;4;33;14;7;27;13;4;42;18;26;69;20;8;15;20;73;20;9;5;24;17;19;41;66;0;13;9;12;100;46;40;22;9;32;28;34;18;33;20;64;43;16;18;15;29;9;7;36;31;14;15;7;18;6;13;28;7;13;14;15;16;37;7;15;9;7;11;16;7;10;9;28;10;15;14;19;18;14;19;18;14;46;8;37;4;27;10;16;21;6;21;16;4;10;39;19;9;9;5;4;19;17;7;30
"mouvement";54;8;10;34;48;29;9;5;52;27;11;17;59;96;7;26;18;23;33;60;7;52;22;27;14;23;8;74;10;63;15;20;23;7;24;31;9;5;30;6;18;15;16;8;38;19;33;29;18;7;6;18;5;18;30;23;34;13;18;26;20;45;16;107;9;21;17;9;6;16;14;37;9;30;8;92;82;5;31;20;19;8;52;46;69;13;9;22;15;15;2;8;9;26;17;11;8;54;14;9;15;17;69;34;18;25;16;50;39;27;19;28;7;26;34;71;33;18;13;77;23;12;10;31;31;7;6;21;15;9;17;10;38;6;10;16;12;32;5;10;17;23;10;29;14;6;4;11;44;19;6;10;11;21;8;26;53;13;0;20;26;23;22;45;18;57;32;30;85;15;44;16;61;18;21;9;32;31;8;10;39;27;1;13;3;9;19;13;16;16;9;16;12;7;29;22;4;5;13;15;16;12;17;17;21;15;7;18;8;10;9;11;11;4;24;8;34;3;20;8;12;19;6;24;6;10;9;11;22;5;12;9;12;4;16;4;20
"sortir";60;28;59;74;128;30;9;14;102;34;36;37;74;188;21;54;22;22;56;129;16;37;33;88;86;21;30;83;21;107;75;25;48;14;100;56;20;15;57;10;56;22;26;29;43;25;40;69;19;7;20;15;10;30;26;57;51;26;16;45;43;82;31;176;21;24;41;17;19;24;11;65;29;70;18;166;321;23;75;13;19;18;82;91;176;54;21;61;25;22;15;41;21;15;17;39;18;85;24;37;30;25;61;62;132;39;43;62;78;34;18;17;39;46;32;133;30;15;35;77;30;41;16;14;95;13;11;16;34;36;8;35;111;36;13;18;42;58;19;23;55;22;18;50;25;23;17;35;78;18;16;27;29;16;25;43;96;9;20;0;46;30;8;21;61;61;57;14;49;42;33;39;55;29;37;18;29;28;43;26;57;26;7;26;19;24;37;45;26;27;7;29;18;19;79;82;19;25;50;19;55;19;14;14;66;14;14;26;16;24;24;17;40;19;54;10;47;19;30;18;13;5;16;17;8;18;32;20;46;11;15;13;18;14;48;24;48
"pied";45;37;38;64;123;18;11;8;88;47;36;51;75;197;24;43;15;22;37;97;23;40;25;64;63;40;13;220;19;147;45;19;37;14;47;97;13;43;51;7;29;24;44;18;71;14;32;53;52;10;11;12;6;27;19;11;56;31;27;34;26;55;17;147;35;20;25;23;10;35;9;40;19;45;19;170;209;12;54;1;38;13;52;41;132;27;23;26;24;17;9;32;16;17;14;27;21;100;15;24;21;32;40;55;48;49;15;49;50;33;14;42;15;26;21;96;44;13;21;79;24;27;14;9;45;15;13;9;6;31;9;11;55;21;4;15;18;39;19;20;43;14;7;47;22;18;4;21;43;18;5;12;13;19;20;59;61;12;26;46;0;31;9;14;54;42;31;23;108;45;40;30;57;28;46;11;24;15;19;16;41;17;8;22;10;16;22;25;9;45;11;30;9;8;49;13;8;20;31;17;25;39;11;16;32;9;11;12;9;13;16;10;17;15;30;7;45;16;16;12;11;7;11;14;7;22;31;21;22;8;8;8;14;14;23;9;39
"amour";163;17;18;58;154;59;25;15;121;34;16;39;110;271;14;48;30;27;43;190;57;95;44;111;33;34;32;114;9;114;21;20;51;19;27;182;28;28;80;29;44;16;35;27;73;15;112;98;37;15;10;30;8;54;51;9;53;13;32;102;107;168;59;516;14;34;59;36;24;34;69;104;56;76;45;308;185;21;94;32;14;25;51;46;129;32;11;99;40;46;26;11;24;42;30;60;25;66;30;36;14;33;265;78;64;49;39;128;141;87;10;38;11;16;61;130;13;48;53;119;70;36;14;140;69;17;21;30;25;71;48;45;120;27;43;13;40;94;29;20;136;24;34;303;121;13;24;33;81;34;81;16;70;38;27;124;213;100;23;30;31;0;132;181;42;15;61;76;50;55;124;55;316;72;38;8;15;78;28;17;49;128;9;19;13;36;25;24;30;6;25;18;16;14;72;24;19;8;18;31;42;29;18;40;57;37;16;80;14;62;36;36;49;41;65;16;60;11;52;7;33;13;41;119;9;18;43;30;39;12;7;5;8;6;44;7;59
"passion";55;8;16;29;74;29;10;14;84;13;9;15;46;95;2;32;11;11;17;84;16;35;26;53;21;14;7;57;6;62;7;12;16;9;14;76;16;10;32;10;44;12;21;32;22;12;41;31;11;12;8;10;4;11;27;13;39;7;9;33;45;53;21;220;6;17;20;17;11;13;22;22;17;25;9;166;62;7;30;45;5;14;20;20;51;11;7;29;21;25;7;3;13;21;13;14;12;14;17;19;9;17;85;32;23;11;16;55;28;63;5;21;7;4;16;68;7;24;33;58;18;18;7;60;25;5;11;16;10;21;19;17;52;5;9;5;9;35;7;16;25;19;22;92;29;3;14;7;25;21;34;3;11;14;12;62;81;46;22;8;9;132;0;63;18;6;28;24;23;34;38;19;105;33;19;5;12;39;12;20;10;43;4;18;7;23;21;4;17;8;10;11;15;4;30;12;11;4;8;21;12;21;17;13;27;7;8;35;7;21;15;22;26;10;21;11;23;4;26;8;10;21;16;39;10;13;21;11;19;12;3;7;6;5;19;4;17
"âme";80;18;10;34;121;57;12;9;137;23;16;38;82;163;6;49;27;33;30;105;58;95;39;78;21;20;38;84;9;70;13;14;29;8;23;168;15;22;65;12;58;10;39;26;68;8;70;59;22;10;7;27;11;22;57;11;25;15;18;68;69;95;31;221;12;28;22;23;17;23;57;64;24;38;48;202;109;9;56;22;7;27;37;39;75;17;4;52;17;42;13;8;9;30;30;33;12;51;17;24;15;18;189;70;37;20;16;85;71;58;12;22;6;12;62;70;15;45;32;119;40;49;12;152;39;17;22;34;14;73;53;16;89;16;60;14;20;48;23;24;66;35;33;133;52;15;21;26;38;44;17;9;35;27;31;70;153;40;45;21;14;181;63;0;33;14;46;108;15;42;111;37;198;68;35;13;10;94;11;16;18;71;0;16;9;22;32;11;28;9;11;17;26;18;48;25;11;4;11;14;15;32;28;35;25;25;14;48;9;37;19;39;39;15;48;11;26;10;53;14;29;7;33;55;11;8;14;9;20;10;4;4;2;5;15;11;17
"revenir";82;22;75;86;156;18;15;10;95;38;54;35;85;182;21;73;34;28;52;99;16;38;37;117;85;17;41;98;13;115;66;30;34;11;65;74;9;17;59;26;48;36;38;24;38;10;36;51;47;27;9;21;25;31;28;55;107;8;20;56;37;68;34;162;11;19;38;32;20;16;14;84;33;95;23;155;313;32;55;17;22;9;59;65;114;127;25;62;49;16;28;25;13;15;17;47;17;56;12;56;27;28;65;91;160;37;45;64;62;46;19;29;75;30;32;144;21;23;18;42;41;38;22;24;72;24;9;11;24;30;20;43;85;20;15;29;20;63;24;22;56;18;9;41;32;18;9;33;72;17;21;26;50;17;25;50;94;22;18;61;54;42;18;33;0;38;61;30;34;34;22;38;57;30;25;33;36;29;67;26;41;37;40;54;15;29;39;61;48;40;13;45;19;24;79;34;18;24;60;15;65;17;19;8;61;17;23;23;26;29;23;15;38;27;53;20;67;27;31;23;26;14;19;23;22;18;31;14;35;20;14;17;17;20;69;22;54
"lever";32;16;16;76;64;18;7;5;47;35;17;19;58;107;16;39;19;26;22;55;10;51;23;65;26;16;16;78;14;76;51;12;51;5;51;51;9;16;32;10;27;7;16;12;49;14;22;34;19;4;6;10;1;24;10;20;18;10;10;28;21;59;11;100;11;11;22;10;17;13;5;59;10;42;15;95;180;10;42;10;42;6;78;58;91;17;10;44;3;9;6;8;14;10;6;19;7;107;7;16;10;12;39;42;113;29;17;35;40;18;15;38;23;38;50;99;27;14;15;179;14;20;14;9;58;11;7;8;7;37;6;11;65;21;8;10;23;48;16;6;23;11;4;30;15;24;7;18;79;10;6;23;17;16;7;19;64;9;57;61;42;15;6;14;38;0;43;16;113;24;30;25;32;17;33;10;22;11;23;30;71;14;4;27;10;19;18;65;9;12;11;22;16;15;48;26;10;9;37;6;32;25;17;18;55;2;5;13;20;8;16;12;23;10;29;4;50;3;31;10;14;3;10;15;11;18;28;18;30;15;10;8;9;11;33;15;18
"mot";157;31;35;101;161;53;27;13;147;44;28;28;103;203;8;61;47;29;56;162;19;92;66;98;52;25;36;132;24;161;45;24;65;11;61;82;32;24;80;13;72;22;32;45;83;31;90;75;21;23;22;26;14;30;63;51;66;24;33;69;71;126;29;229;21;43;50;19;49;14;22;89;44;80;57;236;226;15;84;26;31;21;121;182;133;51;32;97;42;34;24;27;26;30;20;34;31;91;21;34;25;36;93;85;70;47;43;154;81;64;27;26;32;25;66;189;28;42;35;105;38;49;23;35;96;11;14;16;35;45;16;24;88;13;26;27;40;45;19;24;102;24;24;100;42;30;19;30;150;39;30;72;74;56;11;76;114;32;32;57;31;61;28;46;61;43;0;40;79;49;69;51;96;94;44;25;27;72;36;30;69;47;11;38;15;31;28;26;31;17;15;45;25;32;103;26;17;26;30;34;56;26;41;45;74;73;25;38;21;31;25;31;144;104;85;25;88;33;46;29;23;29;21;33;26;14;51;36;48;22;33;29;17;21;49;24;64
"pensée";63;5;11;33;70;42;13;17;90;18;9;26;62;124;5;32;20;35;22;74;24;77;25;59;15;7;16;61;12;52;21;13;30;6;22;62;18;18;45;14;38;5;34;18;50;10;59;28;14;9;10;20;5;32;30;17;29;15;28;34;37;60;18;142;8;20;21;17;10;16;24;53;24;41;24;159;91;8;43;31;8;37;47;25;74;16;7;34;16;37;7;13;6;40;16;23;13;36;16;23;13;16;125;56;33;24;22;81;53;49;15;20;10;16;27;71;20;40;21;104;27;29;13;62;40;11;17;18;11;38;30;16;74;22;26;13;15;43;11;30;43;13;13;55;34;7;12;15;40;15;12;8;23;14;18;64;91;28;30;14;23;76;24;108;30;16;40;0;34;24;44;31;134;50;32;14;16;32;23;16;12;41;5;14;4;21;17;14;24;6;6;14;18;8;36;22;14;8;15;13;13;13;24;24;25;23;13;58;9;20;17;21;31;30;37;11;33;9;45;16;14;15;29;29;8;9;17;14;21;8;5;9;12;7;12;4;27
"tête";67;20;33;108;149;48;10;20;122;86;34;87;107;279;15;51;43;76;82;122;38;86;52;75;46;39;31;184;26;169;39;28;85;30;58;100;19;47;49;16;57;16;49;20;104;25;52;73;27;23;12;23;18;27;64;38;42;54;26;58;50;117;46;203;50;14;41;25;27;74;13;68;31;92;20;243;210;18;85;15;31;17;121;83;133;61;24;52;30;34;16;19;19;17;21;35;31;149;28;34;20;48;59;90;40;56;16;66;80;71;20;51;18;57;62;140;39;26;27;159;72;44;16;22;80;21;14;18;17;47;17;19;90;24;36;16;51;67;14;22;56;24;34;72;33;31;13;25;114;32;15;41;17;32;17;48;138;34;85;49;108;50;23;15;34;113;79;34;0;34;58;41;123;35;74;25;23;45;22;36;46;28;19;43;17;26;25;13;19;33;18;29;23;22;74;33;17;13;25;27;26;40;24;35;53;19;17;30;15;23;23;18;30;21;49;11;83;18;34;27;27;15;16;30;34;12;28;19;51;15;13;15;24;13;37;18;48
"arriver";83;23;69;59;137;20;17;36;124;29;52;24;77;224;12;97;13;16;36;108;13;21;36;120;89;23;30;109;14;130;58;29;31;19;80;78;27;50;62;26;82;36;26;33;32;25;68;59;25;18;21;19;14;36;36;72;75;9;17;47;43;78;19;195;16;27;33;13;21;18;8;57;23;61;16;199;195;16;61;28;29;17;51;64;168;50;21;61;41;23;15;41;17;10;24;64;32;47;26;35;16;20;86;97;139;37;39;55;71;38;22;46;38;25;49;138;21;24;19;46;28;31;12;37;70;23;23;18;25;27;14;39;156;36;14;21;12;56;27;26;56;18;15;48;31;26;12;36;84;25;20;28;51;27;21;67;97;18;15;42;45;55;34;42;34;24;49;24;34;0;39;34;60;30;49;24;26;41;48;23;41;35;7;41;16;33;39;43;34;36;10;39;20;26;69;38;16;27;40;20;46;28;22;17;68;14;21;25;21;15;32;82;62;24;90;21;45;24;30;25;20;24;13;24;29;23;29;32;35;20;21;24;11;25;43;23;56
"sentir";63;10;14;44;119;29;17;15;101;24;28;35;75;185;8;40;39;28;40;99;19;54;30;68;26;19;33;101;12;79;26;30;52;12;27;86;14;22;67;20;56;12;30;16;45;16;80;58;17;13;13;19;3;30;53;26;40;10;23;57;51;68;39;219;12;19;32;12;17;21;22;69;21;42;35;230;143;17;38;16;16;11;57;53;87;22;8;53;37;26;11;13;25;36;23;23;19;92;10;26;19;22;131;63;46;33;34;70;73;51;20;37;16;37;42;119;23;32;23;102;41;48;16;63;63;13;19;21;15;30;26;28;104;17;38;24;26;62;24;12;50;25;12;135;45;15;18;25;68;27;28;16;38;34;17;77;125;33;44;33;40;124;38;111;22;30;69;44;58;39;0;46;183;64;41;19;17;91;11;28;27;51;4;23;11;28;25;14;31;16;12;19;20;10;59;19;6;10;18;24;22;21;24;18;49;19;21;34;14;28;19;28;44;19;51;12;43;9;58;10;22;20;26;53;13;10;28;27;34;10;23;9;6;12;16;6;44
"penser";48;11;22;76;115;21;15;29;88;30;24;25;68;204;11;73;25;26;31;127;14;34;36;79;56;22;24;95;16;107;31;25;44;11;26;92;13;31;35;7;56;22;23;28;25;13;99;97;22;27;23;15;18;38;50;44;55;5;17;31;60;111;23;189;16;22;28;28;16;5;17;73;54;82;27;188;220;21;46;14;10;23;69;58;131;60;12;71;46;25;7;16;11;27;17;25;16;45;26;31;17;22;77;63;46;42;21;77;88;50;18;22;18;18;37;97;10;21;33;62;34;34;10;27;98;12;36;6;14;47;15;31;82;24;16;14;28;60;18;28;93;19;12;93;25;17;13;30;102;16;31;16;42;26;14;77;96;20;16;39;30;55;19;37;38;25;51;31;41;34;46;0;75;38;34;15;15;31;33;21;51;43;6;22;14;15;42;23;37;12;18;17;21;26;59;31;18;13;19;26;39;10;22;11;63;17;33;28;23;41;17;24;39;39;66;11;80;21;29;28;15;18;22;31;19;12;23;12;48;32;12;10;13;22;38;24;49
"coeur";126;25;37;102;186;45;28;21;174;49;39;56;128;288;8;64;44;31;81;171;42;125;60;141;38;30;74;162;15;138;33;21;57;16;40;143;25;38;108;27;91;16;42;35;68;32;110;152;24;14;14;28;6;45;72;44;74;22;28;75;92;197;56;438;26;31;83;32;28;28;57;209;46;102;66;357;237;21;100;56;22;35;61;88;154;46;19;109;51;67;19;31;20;55;45;36;25;141;34;36;31;40;222;72;70;66;34;136;160;73;26;48;11;57;111;171;20;68;54;163;58;68;19;198;88;18;23;31;29;106;74;28;150;22;89;23;78;104;42;30;133;40;39;224;87;67;22;49;106;37;40;33;60;44;35;119;261;64;61;55;57;316;105;198;57;32;96;134;123;60;183;75;0;80;97;16;24;126;37;31;75;69;6;36;31;27;43;37;65;12;16;33;50;32;80;49;31;18;27;25;54;33;49;52;66;42;18;93;25;55;22;57;69;38;103;19;88;13;71;15;35;26;58;59;28;19;41;34;53;26;12;7;13;12;42;14;68
"comprendre";63;14;27;57;91;29;21;22;101;26;37;15;58;175;8;49;31;22;38;101;8;74;37;62;53;9;26;89;18;104;33;24;46;15;29;68;28;27;55;19;67;24;21;37;56;20;84;73;27;11;14;25;16;35;33;48;59;10;18;30;35;90;29;203;14;14;31;22;24;7;19;66;27;72;28;207;178;21;82;53;12;11;80;71;107;61;22;77;33;38;14;15;14;41;16;33;21;65;21;24;26;20;103;56;42;33;23;97;65;43;13;22;17;15;28;106;18;35;29;81;39;27;20;43;49;18;22;19;19;40;20;23;84;12;27;14;40;38;22;18;54;20;17;79;25;19;19;28;103;25;24;20;26;38;11;76;108;43;18;29;28;72;33;68;30;17;94;50;35;30;64;38;80;0;42;27;29;68;17;22;41;42;12;34;14;29;28;13;32;11;15;41;25;22;68;23;18;24;16;23;30;16;30;25;60;39;19;51;20;43;14;19;28;22;74;14;63;15;49;17;17;26;20;42;15;8;26;25;47;25;17;8;14;12;31;12;60
"coup";102;26;24;52;87;27;20;9;80;47;32;43;60;157;8;41;27;34;30;194;11;82;40;56;35;14;114;86;33;92;27;33;54;9;54;45;15;21;33;13;32;18;29;11;129;9;29;53;23;10;7;18;8;27;26;38;35;18;27;45;36;75;28;121;18;12;29;14;29;18;12;49;22;38;19;161;148;8;57;19;14;27;73;68;119;30;11;34;24;24;11;19;20;33;21;30;21;83;17;30;13;63;80;59;45;27;20;89;39;53;33;36;8;26;49;104;25;28;40;325;30;49;15;19;45;17;13;17;19;20;14;20;96;14;20;20;15;40;10;12;26;26;12;20;11;23;6;26;57;29;6;17;32;15;13;29;90;16;21;37;46;38;19;35;25;33;44;32;74;49;41;34;97;42;0;17;19;24;11;29;66;15;5;34;10;18;23;16;22;35;17;33;17;8;70;38;14;17;30;15;34;33;33;20;52;18;15;23;9;12;37;19;64;15;48;11;43;13;38;17;27;17;22;12;10;15;23;15;31;8;14;13;9;21;19;13;35
"france";25;8;18;35;60;13;10;11;112;17;24;7;30;84;4;46;14;8;24;73;4;3;15;52;48;12;12;51;4;41;26;10;8;10;13;60;22;9;19;17;50;32;8;26;11;51;42;22;17;20;9;15;9;17;21;23;57;3;9;37;37;47;17;85;6;8;21;27;9;7;10;19;14;36;7;130;94;12;31;27;4;9;18;11;54;31;19;22;39;9;31;10;18;8;14;27;15;27;16;24;16;24;32;37;15;21;16;42;24;55;7;14;8;1;13;71;7;9;14;18;29;29;3;13;42;17;13;7;22;35;22;13;35;6;6;13;3;18;7;11;17;4;4;24;16;3;28;35;29;14;11;3;14;5;7;33;56;18;9;18;11;8;5;13;33;10;25;14;25;24;19;15;16;27;17;0;8;41;4;9;20;14;11;24;8;12;48;4;36;7;9;45;7;11;64;11;13;14;5;19;7;3;5;2;6;11;68;14;19;26;10;16;28;15;26;22;32;15;8;7;20;26;6;6;66;13;21;31;28;2;7;13;10;46;21;7;10
"suivre";35;10;25;31;53;8;2;9;52;24;15;13;38;89;8;19;11;9;18;41;5;33;17;32;36;6;2;45;8;56;27;21;20;9;29;31;7;10;17;5;34;15;12;6;14;13;21;28;17;4;5;9;1;9;16;22;31;9;13;16;19;38;11;79;16;7;17;9;9;6;8;50;15;36;12;81;139;11;39;6;10;6;35;29;55;16;7;25;17;13;7;25;8;7;6;14;11;31;4;20;3;15;20;25;28;18;7;36;33;26;15;19;12;20;17;57;31;7;7;50;9;20;10;6;31;13;11;10;9;12;7;4;43;10;8;10;10;25;10;11;24;16;2;10;16;9;7;17;32;9;13;9;18;17;11;32;68;15;32;29;24;15;12;10;36;22;27;16;23;26;17;15;24;29;19;8;0;12;10;8;26;13;2;21;5;9;9;9;24;29;2;24;11;12;49;34;7;8;22;9;9;10;15;11;30;11;8;19;8;11;7;10;17;8;31;5;19;10;15;10;11;16;9;13;12;4;11;10;27;5;8;3;9;5;24;13;21
"esprit";58;9;16;40;110;26;14;23;170;42;15;17;63;158;2;53;67;26;34;119;21;27;50;65;30;23;17;111;13;142;17;17;47;11;24;69;18;32;42;9;123;20;20;33;31;23;83;47;10;13;14;25;12;26;89;30;63;9;15;57;50;86;18;262;18;28;18;21;33;8;38;43;29;39;22;337;111;13;56;35;5;27;35;32;91;19;21;61;48;44;13;2;21;40;41;21;43;27;17;10;19;20;102;67;29;12;25;70;53;58;13;25;11;8;27;93;16;25;39;65;50;13;10;73;44;11;25;28;25;22;30;26;43;10;16;22;13;44;9;18;45;20;34;75;34;7;38;21;59;34;22;15;39;26;23;85;105;29;31;28;15;78;39;94;29;11;72;32;45;41;91;31;126;68;24;41;12;0;13;13;22;31;1;38;21;29;27;14;43;7;11;24;24;10;52;20;16;23;29;29;19;17;19;29;42;20;31;26;16;38;12;16;33;21;55;17;39;12;27;21;30;34;17;36;19;12;22;21;28;16;12;28;7;17;23;6;66
"soir";38;11;39;65;104;18;8;8;62;21;22;15;47;171;15;41;15;5;45;81;15;22;26;101;40;11;35;81;4;84;53;17;32;6;30;57;17;13;43;17;21;30;24;18;26;16;28;43;9;23;11;10;9;15;12;30;48;9;13;33;32;64;14;121;12;17;26;13;17;13;9;64;29;44;33;79;265;11;48;14;12;11;29;33;197;55;16;52;15;13;10;18;18;5;16;26;14;31;12;30;11;16;39;71;227;30;34;50;30;22;12;15;72;12;17;81;7;12;43;31;22;28;17;5;56;11;5;8;23;22;10;34;61;21;16;13;16;33;8;14;53;12;4;51;28;9;6;19;58;13;21;16;25;17;18;52;68;9;8;43;19;28;12;11;67;23;36;23;22;48;11;33;37;17;11;4;10;13;0;27;31;23;7;37;14;15;11;131;25;23;8;14;30;10;55;20;7;15;35;18;34;14;14;12;39;14;13;13;12;15;6;12;39;25;71;14;45;19;24;22;10;9;14;18;19;9;25;8;37;16;15;25;10;19;31;13;47
"vieillard";37;15;17;69;56;19;7;7;63;22;10;22;58;120;9;33;17;31;40;59;9;27;33;55;33;10;21;50;10;121;27;17;45;7;28;36;7;6;35;15;36;14;20;13;19;21;30;60;8;20;14;13;9;25;20;19;24;11;9;31;31;91;22;77;6;13;14;12;12;34;1;37;14;97;16;93;123;15;38;14;29;7;78;43;70;41;23;51;23;15;12;13;11;23;8;20;13;58;13;17;20;19;63;41;50;30;16;41;65;30;17;26;12;14;41;84;5;15;19;58;16;20;9;13;55;6;4;13;12;21;9;16;45;8;16;5;20;48;13;13;32;6;6;39;26;9;9;36;86;13;14;14;13;12;7;31;104;7;10;26;16;17;20;16;26;30;30;16;36;23;28;21;31;22;29;9;8;13;27;0;71;11;14;24;7;21;13;14;25;8;16;6;9;7;24;16;6;15;13;10;16;16;17;20;16;8;8;16;13;17;10;14;22;10;38;12;58;8;16;14;15;10;12;14;7;6;11;15;15;2;10;4;3;5;35;29;10
"écrier";60;34;25;115;90;18;14;22;108;43;26;48;106;245;11;36;22;19;46;124;4;42;23;69;37;22;27;125;25;149;46;34;59;7;48;98;13;25;55;3;38;16;11;26;65;19;92;119;33;21;19;16;20;21;27;57;54;4;16;42;74;149;45;227;27;12;40;25;58;8;8;123;50;142;28;206;333;29;70;23;21;13;116;101;183;104;16;79;37;21;17;28;25;21;17;44;15;99;19;32;31;11;68;50;72;45;26;61;95;47;29;32;19;49;90;173;29;25;41;90;53;47;15;19;110;15;29;18;29;108;26;21;68;18;15;20;54;49;15;12;104;17;5;118;42;31;8;62;210;14;25;29;44;45;23;56;132;36;39;57;41;49;10;18;41;71;69;12;46;41;27;51;75;41;66;20;26;22;31;71;0;25;20;34;17;33;20;29;20;26;38;64;10;48;128;35;14;10;18;17;39;32;22;33;113;18;12;23;25;33;30;23;34;34;96;19;137;22;38;38;25;6;15;28;21;18;40;39;54;31;28;17;19;18;93;33;102
"bonheur";51;11;11;43;107;34;12;17;73;20;14;26;62;185;2;37;19;26;34;132;24;32;39;97;25;25;27;67;10;73;14;12;19;4;9;80;20;11;51;25;38;8;22;22;32;12;40;48;22;15;2;23;7;22;25;18;44;8;24;66;60;90;34;230;12;15;34;30;7;11;21;78;35;60;11;161;116;23;40;16;9;10;35;46;71;36;10;45;49;27;10;6;17;16;20;15;12;32;16;18;12;23;165;50;26;27;24;70;93;50;9;17;10;17;24;88;12;24;28;63;44;33;8;46;63;15;21;17;14;51;13;29;64;13;17;19;22;46;24;16;87;8;14;126;111;6;13;22;51;12;46;10;23;15;19;78;84;31;27;26;17;128;43;71;37;14;47;41;28;35;51;43;69;42;15;14;13;31;23;11;25;0;11;19;7;21;14;17;40;8;21;6;23;18;47;14;8;7;15;14;23;9;14;29;34;18;8;37;13;27;16;44;26;30;63;9;52;8;31;9;11;11;29;60;9;8;26;17;25;17;3;6;4;8;30;16;33
"rente";16;5;25;43;40;3;17;6;64;6;19;5;43;48;5;14;10;1;21;114;2;3;11;47;60;10;8;35;9;57;10;17;4;3;8;30;6;9;11;17;19;9;3;8;7;9;16;20;48;340;13;1;53;5;8;23;41;2;1;16;31;62;12;63;5;10;16;67;5;2;1;37;31;57;4;53;80;36;34;22;5;2;17;12;43;403;14;18;96;2;14;3;8;5;4;9;10;14;9;11;22;5;27;30;15;16;6;14;34;25;4;3;4;3;4;49;2;1;9;7;19;12;4;2;25;15;13;2;6;11;3;19;19;0;3;1;0;49;17;1;27;4;3;16;10;2;4;27;23;4;28;3;10;5;5;12;22;14;1;7;8;9;4;0;40;4;11;5;19;7;4;6;6;12;5;11;2;1;7;14;20;11;0;6;18;10;15;10;25;5;37;13;1;13;23;4;6;7;8;5;16;7;1;0;44;6;10;9;8;7;3;5;4;1;17;9;26;3;5;7;6;5;2;8;7;1;16;27;17;10;24;6;6;6;15;21;4
"partir";47;15;25;65;90;28;16;18;100;25;19;11;83;156;10;58;20;13;30;78;0;18;26;87;46;13;28;80;90;60;34;21;24;14;32;47;19;20;31;15;48;33;24;27;28;18;47;25;20;11;16;16;14;19;26;51;82;12;11;36;34;66;15;134;11;6;39;22;33;12;6;50;33;53;17;148;230;18;62;19;17;8;40;38;114;41;17;40;26;10;14;38;10;14;11;35;10;48;18;24;16;15;45;45;91;21;30;58;37;43;12;12;25;19;36;286;10;14;25;33;19;18;21;12;50;25;9;16;21;20;16;32;64;19;7;20;17;35;8;8;52;12;9;28;18;8;7;29;60;16;18;13;35;12;13;34;78;15;13;26;22;19;18;16;54;27;38;14;43;41;23;22;36;34;34;24;21;38;37;24;34;19;6;0;8;17;23;43;27;43;13;26;13;14;60;23;14;24;27;24;25;13;9;13;64;13;10;21;15;12;4;17;37;15;56;9;29;12;16;15;16;32;3;15;16;18;22;18;28;19;6;15;30;18;32;9;37
"garçon";40;4;12;71;50;14;5;6;53;11;16;7;34;85;3;23;16;11;33;49;6;14;23;36;25;41;7;40;7;98;30;9;20;2;22;40;9;8;17;10;26;10;16;17;11;26;18;113;11;12;7;12;5;10;13;40;20;6;8;31;30;56;10;67;18;7;14;25;13;18;4;37;29;42;8;76;85;18;33;7;8;17;17;11;70;40;15;21;29;9;1;5;15;6;11;5;9;21;11;11;10;18;36;25;29;23;18;28;52;34;3;9;16;8;10;68;5;5;14;16;15;13;3;6;36;8;5;3;11;10;5;20;17;7;0;10;5;23;21;18;25;4;3;42;16;16;0;20;22;9;22;6;14;8;7;18;47;7;3;19;10;13;7;9;15;10;15;4;17;16;11;14;31;14;10;8;5;21;14;7;17;7;18;8;0;10;17;14;20;15;9;8;7;11;24;19;4;6;7;4;15;6;4;4;20;4;6;9;9;6;4;8;13;11;19;9;23;10;10;2;7;2;9;11;1;3;6;7;12;8;17;14;10;6;11;8;16
"finir";45;8;19;57;101;16;7;13;72;18;27;8;49;113;13;62;19;24;22;70;10;25;20;75;42;14;15;58;9;90;19;24;25;6;18;49;56;12;25;18;37;20;25;14;28;21;37;41;20;8;8;16;4;16;25;46;41;2;12;24;42;57;15;105;9;8;18;12;15;11;7;39;20;46;12;119;131;10;32;21;9;14;39;36;87;36;12;36;30;16;9;7;9;21;10;16;13;21;13;15;16;21;52;37;50;28;17;37;42;47;6;22;34;9;35;76;7;9;21;42;18;28;5;21;38;7;14;13;18;19;8;26;51;13;16;13;9;32;11;19;23;15;11;34;25;13;4;22;45;18;17;8;32;22;19;53;63;18;9;24;16;36;23;22;29;19;31;21;26;33;28;15;27;29;18;12;9;29;15;21;33;21;10;17;10;0;19;17;24;10;4;16;18;16;36;15;13;4;12;9;23;9;21;10;29;13;9;21;12;22;10;14;28;18;45;12;51;10;11;6;9;11;3;24;7;1;22;17;18;11;11;15;13;10;28;10;27
"état";45;14;25;43;104;19;15;14;106;26;32;14;64;143;8;49;17;8;40;92;9;18;27;67;40;10;32;84;11;66;34;24;15;7;28;37;18;21;31;12;51;26;15;36;18;38;77;52;9;14;17;28;6;18;31;60;39;8;11;23;55;64;19;110;6;12;23;11;9;5;12;26;10;48;15;246;109;38;41;28;9;19;32;21;70;38;26;45;41;10;16;8;14;8;14;20;13;25;16;16;17;10;44;62;35;37;19;36;39;71;10;16;11;6;9;92;11;23;13;44;27;31;10;17;52;19;17;12;13;22;7;19;43;11;8;8;7;41;16;20;22;9;12;40;20;6;19;35;39;22;17;11;31;10;15;40;43;6;19;37;22;25;21;32;39;18;28;17;25;39;25;42;43;28;23;48;9;27;11;13;20;14;15;23;17;19;0;18;27;12;8;45;13;13;66;16;14;17;14;30;24;13;11;7;21;21;37;18;12;26;12;8;25;20;44;25;28;14;19;11;22;39;11;12;20;9;18;17;16;16;22;7;18;58;37;13;15
"matin";62;19;58;46;101;15;6;7;82;25;22;14;36;174;17;34;17;10;29;85;17;15;17;113;38;7;34;88;8;88;52;20;18;8;46;69;17;14;23;15;33;21;26;15;22;11;35;54;14;11;10;11;12;20;25;32;56;8;12;34;32;50;11;112;7;8;18;13;14;12;7;55;15;51;23;83;262;13;55;11;14;8;31;55;177;41;13;52;12;14;10;22;13;9;11;32;19;31;13;17;12;21;41;61;349;27;25;45;42;15;10;19;52;12;13;96;7;12;22;27;15;21;15;7;62;9;8;7;29;19;10;35;55;47;7;18;10;36;14;25;52;7;1;27;13;9;3;18;49;13;14;9;27;12;20;39;49;13;13;45;25;24;4;11;61;65;26;14;13;43;14;23;37;13;16;4;9;14;131;14;29;17;10;43;14;17;18;0;19;25;7;18;24;19;54;36;7;8;23;10;35;13;8;6;44;12;15;15;9;10;12;7;17;16;36;5;32;28;11;14;20;2;10;25;13;16;26;14;10;15;11;19;9;18;37;8;27
"famille";63;8;22;116;114;30;24;10;142;21;34;11;50;145;12;57;18;15;56;123;11;14;29;94;98;20;36;87;13;73;29;34;26;11;24;64;19;37;28;20;55;30;26;30;22;28;45;68;43;18;14;23;15;22;27;50;73;6;32;50;54;111;26;165;11;16;38;45;11;7;10;133;44;148;17;131;134;26;46;36;6;14;29;29;118;67;38;37;96;18;27;7;20;13;22;37;12;28;25;25;29;30;88;72;35;36;19;75;132;55;8;15;39;6;13;98;5;23;22;44;25;36;21;34;61;25;17;16;29;22;61;36;57;8;11;20;20;60;17;25;49;11;18;57;32;4;31;86;40;14;52;13;40;9;17;62;119;28;16;26;9;30;17;28;48;9;31;24;19;34;31;37;65;32;22;36;24;43;25;25;20;40;25;27;20;24;27;19;0;8;14;33;19;45;65;27;23;19;31;17;20;15;15;8;45;22;37;47;48;32;11;27;45;22;58;15;36;16;17;15;22;23;22;26;28;6;43;70;38;20;26;6;45;10;54;24;19
"cheval";26;12;24;48;71;14;6;7;59;40;18;18;44;111;34;33;15;14;42;54;7;10;18;32;30;18;15;77;19;83;21;32;21;11;33;64;10;13;17;9;39;15;13;21;25;12;18;11;22;7;8;4;18;16;6;12;52;8;17;16;24;23;6;80;20;3;15;11;13;15;4;21;8;37;3;91;169;11;27;3;13;7;26;58;89;28;13;28;11;9;5;88;11;2;9;16;5;19;8;13;13;16;20;54;41;27;28;27;35;24;30;18;17;14;17;69;18;6;6;32;6;20;4;5;34;11;5;7;17;10;3;16;43;14;1;14;4;21;14;8;26;10;2;21;15;17;3;18;37;9;9;14;8;10;9;19;60;7;16;27;45;6;8;9;40;12;17;6;33;36;16;12;12;11;35;7;29;7;23;8;26;8;5;43;15;10;12;25;8;0;11;18;8;8;57;14;7;16;11;8;19;14;6;4;24;4;18;6;7;8;9;6;18;9;17;3;23;14;13;6;24;5;8;10;7;7;19;10;16;7;7;3;4;2;15;11;13
"valoir";21;8;14;32;45;7;6;6;51;17;15;8;28;58;8;29;10;10;11;73;11;16;13;31;25;9;11;47;10;46;8;9;23;1;20;52;2;5;26;15;28;11;6;8;10;10;41;29;32;33;6;9;25;10;11;26;28;6;4;18;24;40;16;76;13;2;13;12;11;10;6;20;16;36;2;78;79;36;21;10;4;8;20;17;48;177;13;21;36;5;6;7;2;8;5;10;9;26;7;11;26;9;39;11;18;14;13;38;35;26;4;4;3;9;8;39;3;2;19;24;16;12;4;8;38;10;1;2;7;12;8;8;26;6;3;6;2;16;35;6;42;3;5;34;10;6;16;14;43;14;9;5;8;8;6;31;34;13;9;7;11;25;10;11;13;11;15;6;18;10;12;18;16;15;17;9;2;11;8;16;38;21;37;13;9;4;8;7;14;11;0;13;5;7;20;7;9;12;5;7;16;8;8;10;20;6;17;12;10;8;9;8;10;9;27;18;31;9;10;6;7;6;7;7;10;4;16;16;12;8;11;5;2;7;16;13;15
"général";51;9;18;48;88;19;9;9;88;27;55;16;45;136;15;40;17;23;33;69;7;33;27;56;30;8;30;86;9;58;30;19;26;8;31;42;13;24;40;11;46;42;11;22;25;67;39;28;23;8;11;16;12;21;14;58;62;7;22;45;43;66;20;95;10;19;24;19;15;9;13;28;16;33;14;154;153;12;39;41;12;10;40;45;114;46;44;55;37;18;15;4;22;20;21;22;20;30;9;28;15;23;22;35;31;77;16;35;36;64;13;26;21;11;30;90;15;20;28;47;33;38;8;21;72;14;11;10;19;19;18;25;66;5;4;21;7;30;15;13;29;19;14;34;27;16;17;32;74;17;24;9;16;15;16;42;57;14;16;29;30;18;11;17;45;22;45;14;29;39;19;17;33;41;33;45;24;24;14;6;64;6;13;26;8;16;45;18;33;18;13;0;15;22;118;19;22;44;23;25;32;14;25;8;34;12;26;29;31;16;15;14;28;11;42;22;60;17;24;33;23;24;12;11;35;9;29;31;32;8;11;9;26;66;38;9;20
"causer";39;28;13;25;52;20;5;9;57;18;12;15;47;109;9;21;17;11;26;53;10;30;17;33;24;8;11;52;6;52;23;11;18;7;28;23;15;12;20;3;25;11;11;7;21;6;46;30;9;6;9;7;5;17;20;49;25;3;21;21;28;49;11;94;4;11;26;8;29;4;5;46;10;37;7;93;122;4;43;11;20;9;41;35;91;19;17;42;13;20;1;12;7;15;7;9;5;28;10;17;7;10;39;14;55;8;10;37;40;17;11;15;25;11;39;70;8;19;20;27;17;36;10;18;24;10;10;17;15;12;9;6;65;12;44;8;13;22;26;21;27;10;7;38;7;16;6;16;35;12;16;12;19;24;14;30;64;15;12;18;9;16;15;26;19;16;25;18;23;20;20;21;50;25;17;7;11;24;30;9;10;23;1;13;7;18;13;24;19;8;5;15;0;11;55;14;9;7;40;9;23;8;14;10;31;9;12;15;6;7;6;27;21;11;49;6;19;10;24;13;7;9;8;30;5;5;13;9;20;10;9;6;6;9;20;10;31
"frère";36;13;25;51;54;16;10;6;55;21;18;14;54;124;3;26;8;10;22;61;5;18;15;47;49;12;24;50;8;53;15;14;13;7;21;34;9;12;19;7;15;13;9;20;12;22;26;50;10;10;10;16;6;18;12;27;43;7;10;31;24;67;23;51;10;9;14;19;7;3;2;93;27;80;9;60;112;12;37;17;7;8;37;31;84;50;12;33;44;16;23;3;15;18;7;17;9;31;9;17;27;13;30;32;26;19;9;41;45;33;5;10;13;15;23;55;6;11;16;34;17;37;7;6;34;11;12;12;30;22;8;14;47;10;10;5;12;34;8;13;45;5;9;51;18;10;6;38;47;15;16;7;34;8;3;20;50;16;7;19;8;14;4;18;24;15;32;8;22;26;10;26;32;22;8;11;12;10;10;7;48;18;13;14;11;16;13;19;45;8;7;22;11;0;44;21;7;12;11;9;20;9;9;4;45;11;8;10;13;12;20;11;24;19;32;15;23;14;17;15;12;6;10;11;13;9;19;23;30;17;17;10;8;6;17;18;50
"comte";134;41;49;114;197;31;32;15;146;94;58;41;141;327;23;92;45;37;79;228;24;94;78;139;104;40;71;172;39;151;105;51;98;31;71;124;16;48;82;19;76;29;37;50;83;83;69;82;58;20;29;30;31;48;38;93;93;8;36;83;96;135;43;393;16;38;112;35;60;24;19;93;95;154;42;227;378;44;81;36;52;31;131;110;262;108;56;120;72;30;28;54;52;52;23;45;36;110;34;60;38;48;93;102;89;65;29;93;133;112;41;58;35;55;70;226;22;31;43;118;52;73;49;34;186;24;29;22;53;29;26;75;156;33;30;36;32;99;19;28;136;30;23;93;59;29;14;85;242;44;75;34;95;42;30;86;332;37;29;79;49;72;30;48;79;48;103;36;74;69;59;59;80;68;70;64;49;52;55;24;128;47;23;60;24;36;66;54;65;57;20;118;55;44;0;75;35;52;75;39;67;37;38;34;95;37;24;71;62;49;27;30;72;46;105;46;158;34;48;44;48;41;22;41;57;23;81;76;122;18;56;22;15;49;76;27;37
"entrer";59;27;51;63;115;8;11;11;75;31;21;8;63;219;14;37;20;21;30;67;5;33;27;57;83;19;27;67;7;110;106;32;36;13;104;44;12;20;41;13;43;15;21;31;34;22;38;34;20;8;23;14;9;15;30;30;43;6;11;29;28;42;13;135;17;18;26;10;12;14;15;43;16;57;21;130;153;10;31;18;26;9;48;56;141;28;16;43;22;14;7;31;22;14;11;36;7;34;14;30;15;11;40;43;77;23;20;42;43;21;11;38;15;22;36;79;20;14;18;45;11;20;16;13;77;15;10;13;10;11;7;18;148;12;10;16;14;57;16;10;39;17;7;22;16;35;8;30;62;11;5;10;26;11;16;42;88;7;22;82;13;24;12;25;34;26;26;22;33;38;19;31;49;23;38;11;34;20;20;16;35;14;4;23;19;15;16;36;27;14;7;19;14;21;75;0;23;38;94;18;48;25;19;17;41;9;9;12;10;15;9;5;34;9;52;9;18;9;13;13;15;19;4;16;15;10;21;23;33;10;11;15;15;29;36;15;43
"droit";33;12;14;22;53;17;9;6;49;25;18;17;41;61;7;24;20;6;34;96;8;13;15;18;31;4;11;60;10;30;17;11;18;17;14;22;10;23;21;23;42;13;16;9;10;13;24;21;12;13;23;14;14;13;12;28;37;4;8;37;33;27;14;84;10;14;22;16;14;7;8;31;13;21;7;92;135;29;25;12;8;4;18;18;60;41;20;41;14;4;9;5;22;8;12;14;13;35;10;4;20;14;36;27;15;23;4;39;28;38;12;12;6;23;13;49;13;9;15;37;21;22;7;10;47;9;14;4;17;17;8;11;24;3;4;7;5;19;5;4;22;4;8;31;13;7;14;32;26;13;13;8;11;18;6;32;51;15;4;19;8;19;11;11;18;10;17;14;17;16;6;18;31;18;14;13;7;16;7;6;14;8;6;14;4;13;14;7;23;7;9;22;9;7;35;23;0;14;16;13;18;8;7;2;27;5;10;12;13;19;9;12;11;10;27;16;37;9;11;13;14;16;7;9;11;2;11;22;10;6;15;9;8;9;17;14;12
"cour";63;12;62;50;94;15;8;8;104;13;32;7;29;112;11;38;21;5;30;65;8;10;20;56;103;12;24;67;6;127;44;14;18;22;69;42;10;27;26;8;42;26;24;31;17;38;12;15;18;8;26;10;10;15;16;25;61;16;27;27;20;44;5;81;10;9;15;17;9;1;4;29;14;28;6;87;121;9;34;5;13;10;27;31;69;19;32;27;19;14;31;33;18;8;11;19;13;13;17;13;6;10;14;46;21;13;8;16;22;38;13;14;8;8;10;56;10;8;11;21;19;14;16;2;34;23;6;8;7;8;12;16;38;6;2;5;2;29;10;15;18;6;8;14;6;21;8;27;24;17;19;4;10;5;5;43;60;9;5;25;20;8;4;4;24;9;26;8;13;27;10;13;18;24;17;14;8;23;15;15;10;7;7;24;6;4;17;8;19;16;12;44;7;12;52;38;14;0;33;16;26;6;8;3;26;7;7;15;23;2;4;5;10;7;26;12;17;13;6;10;11;21;11;10;43;9;40;23;38;7;5;7;9;35;22;11;15
"salon";64;10;34;80;153;23;11;2;125;42;21;10;52;135;21;49;19;28;37;79;28;30;32;44;50;26;43;79;10;155;95;25;31;17;114;61;10;28;37;9;46;26;20;35;27;18;33;29;5;16;11;9;4;21;11;15;70;8;41;31;24;48;10;155;11;9;28;22;16;31;6;39;9;30;8;92;163;2;52;10;39;6;55;51;138;19;29;40;15;10;8;8;6;11;10;22;8;30;27;41;7;15;36;57;72;19;16;48;33;36;11;37;38;31;25;83;3;20;43;33;20;9;13;10;40;6;12;18;14;9;8;18;97;6;9;11;3;41;7;21;29;11;13;30;12;56;6;7;33;12;15;19;8;11;12;61;66;7;13;50;31;18;8;11;60;37;30;15;25;40;18;19;27;16;30;5;22;29;35;13;18;15;8;27;7;12;14;23;31;11;5;23;40;11;75;94;16;33;0;18;51;28;13;11;49;4;4;18;11;9;4;12;35;6;40;11;21;2;11;20;17;23;11;18;10;15;34;13;52;12;15;8;9;25;38;12;29
"lieu";45;14;27;25;55;12;13;9;79;22;20;5;48;110;12;48;11;11;40;125;11;16;18;51;28;11;28;51;10;37;19;14;15;6;23;46;17;18;28;12;29;10;13;17;23;9;40;26;17;8;10;18;10;18;34;23;41;7;9;23;26;35;8;80;12;5;14;12;9;1;13;24;8;26;17;101;121;10;37;18;9;21;30;25;63;36;10;30;19;13;7;9;11;9;13;27;11;23;10;19;17;13;45;47;34;19;15;35;30;32;10;11;15;2;12;80;10;11;15;34;16;14;9;12;32;7;16;9;10;10;8;20;28;15;12;14;7;25;12;12;30;10;12;23;12;9;16;14;32;19;20;10;27;9;18;26;52;11;15;19;17;31;21;14;15;6;34;13;27;20;24;26;25;23;15;19;9;29;18;10;17;14;5;24;4;9;30;10;17;8;7;25;9;9;39;18;13;16;18;0;10;15;10;11;28;16;19;8;5;19;11;12;17;19;28;14;16;17;11;9;11;21;11;19;14;6;11;17;11;6;7;16;13;11;18;4;20
"attendre";48;12;34;60;120;22;11;10;68;28;39;13;72;142;13;67;12;15;33;103;10;29;28;87;46;16;33;70;11;74;56;24;16;9;60;57;17;13;31;8;38;20;31;27;24;17;42;50;12;22;17;13;11;31;13;42;46;10;7;44;41;70;16;143;14;14;28;12;11;13;8;49;26;56;18;141;223;19;54;21;24;13;38;39;146;54;13;41;38;15;22;46;13;10;14;16;21;39;14;24;12;19;46;72;129;27;41;38;53;39;18;20;44;23;28;94;15;13;20;48;20;47;20;9;63;25;7;13;15;26;11;24;100;36;13;20;11;40;6;24;51;15;17;44;26;18;12;25;74;16;25;6;51;19;9;37;83;16;16;55;25;42;12;15;65;32;56;13;26;46;22;39;54;30;34;7;9;19;34;16;39;23;16;25;15;23;24;35;20;19;16;32;23;20;67;48;18;26;51;10;0;17;26;12;42;16;16;20;14;22;12;17;35;23;51;14;42;14;19;23;11;18;9;26;15;14;31;18;42;17;23;10;14;18;38;13;53
"feu";36;7;6;49;81;15;4;8;60;29;13;24;44;90;23;29;17;18;24;55;18;39;14;39;28;11;16;99;13;85;50;9;32;11;32;41;11;16;24;8;27;8;17;26;71;14;28;24;19;9;1;11;3;14;11;11;14;20;24;23;19;38;11;102;9;8;21;2;23;27;7;24;14;46;19;89;91;8;37;9;59;9;51;31;71;21;15;24;12;6;9;1;8;8;7;24;11;37;15;16;7;13;26;35;36;18;21;32;37;24;11;17;13;13;20;79;11;9;28;102;7;18;7;6;19;12;7;6;2;12;3;12;40;19;11;13;17;25;8;16;14;8;7;23;10;13;3;15;39;12;5;7;40;6;4;16;47;7;12;19;39;29;21;32;17;25;26;13;40;28;21;10;33;16;33;3;10;17;14;16;32;9;7;13;6;9;13;13;15;14;8;14;8;9;37;25;8;6;28;15;17;0;17;10;26;6;4;17;2;6;10;8;17;18;27;3;35;5;14;11;9;6;9;10;13;9;15;11;17;6;6;7;9;7;18;10;11
"silence";22;10;16;33;52;22;7;9;54;8;17;20;33;80;9;28;17;13;12;43;6;44;23;34;25;8;14;49;7;35;16;14;26;7;20;31;6;18;21;5;25;12;23;8;34;6;32;33;8;2;1;15;1;16;15;13;14;6;34;23;22;42;16;76;8;24;16;5;18;6;8;45;20;45;9;75;80;2;43;10;14;7;64;68;52;14;6;41;7;16;5;11;6;12;7;13;5;38;5;13;3;10;36;38;36;159;19;41;30;29;11;17;8;10;44;66;15;158;17;50;10;23;9;21;52;4;7;14;9;14;7;11;130;33;16;9;11;19;9;10;21;13;9;41;9;8;1;21;49;14;11;12;10;33;8;28;52;10;17;14;11;18;17;28;19;17;41;24;24;22;24;22;49;30;33;5;15;19;14;17;22;14;1;9;4;21;11;8;15;6;8;25;14;9;38;19;7;8;13;10;26;17;0;10;32;6;3;26;5;13;10;11;17;12;28;12;47;3;41;7;9;5;3;11;12;16;13;15;23;6;18;5;8;6;20;6;12
"sourire";42;9;10;36;50;28;3;3;38;34;9;13;70;121;5;21;12;50;17;53;12;73;27;29;11;13;13;53;7;47;18;15;54;5;9;47;14;10;27;1;34;2;13;7;41;8;28;26;8;3;8;10;4;14;24;7;12;6;9;28;19;42;7;113;10;13;18;6;29;16;12;55;14;29;13;105;73;11;20;4;6;3;63;32;60;15;9;23;7;15;5;10;9;13;11;8;29;34;11;10;10;7;41;31;16;15;15;34;47;23;12;25;11;14;25;58;10;8;20;89;16;12;6;19;31;5;7;10;7;15;6;12;48;3;14;7;12;17;11;10;18;22;9;31;19;12;2;11;81;10;6;6;13;12;9;28;81;9;17;14;16;40;13;35;8;18;45;24;35;17;18;11;52;25;20;2;11;29;12;20;33;29;0;13;4;10;7;6;8;4;10;8;10;4;34;17;2;3;11;11;12;10;10;0;35;7;4;13;6;6;4;10;22;3;24;4;43;4;27;13;10;5;9;16;10;5;20;8;33;10;5;0;7;9;24;7;27
"mademoiselle";111;23;46;133;181;43;22;25;125;58;56;27;104;242;8;87;36;54;62;161;24;83;72;117;117;46;55;140;23;157;56;49;65;16;59;129;18;30;61;26;46;53;45;32;61;29;83;92;36;40;16;38;15;50;38;64;65;14;21;69;73;260;38;198;21;34;34;47;45;14;10;115;99;89;36;187;296;20;89;31;31;22;113;98;226;85;35;98;76;22;25;37;38;23;35;51;22;91;32;36;21;30;73;90;81;37;48;75;72;72;28;49;40;38;77;168;23;23;33;128;36;38;27;34;152;17;24;19;53;42;23;46;110;26;7;20;17;66;13;36;70;30;23;97;50;28;7;60;193;30;103;37;67;31;15;71;226;28;21;66;32;57;27;25;61;55;74;25;53;68;49;63;66;60;52;6;30;42;39;16;113;34;44;64;20;29;21;44;45;24;20;34;31;45;95;41;27;26;49;28;42;26;32;35;0;26;20;47;30;44;25;19;36;44;61;24;115;28;39;91;33;14;21;32;15;29;70;60;97;35;50;12;24;10;77;35;31
"expliquer";26;15;12;31;48;10;3;14;58;12;13;6;32;64;6;26;21;15;23;46;4;17;25;28;29;6;16;40;7;47;7;19;16;4;10;36;10;16;31;11;29;14;13;12;18;12;47;16;11;10;13;28;5;16;22;41;30;2;9;19;25;40;6;100;6;12;24;7;11;2;22;32;16;29;14;85;90;0;31;19;6;14;20;20;66;18;18;35;19;11;14;10;4;11;19;6;9;12;5;13;9;11;66;29;22;14;13;28;39;30;8;10;10;10;14;45;11;16;12;28;13;15;11;13;31;3;9;10;8;11;4;13;27;5;10;14;5;14;3;6;27;9;21;27;22;4;10;13;28;18;18;8;26;18;14;36;54;10;15;14;9;37;7;25;17;2;73;23;19;14;19;17;42;39;18;11;11;20;14;8;18;18;6;13;4;13;21;12;22;4;6;12;9;11;37;9;5;7;4;16;16;6;6;7;26;0;9;19;12;23;5;24;14;11;32;13;30;7;18;16;8;21;8;10;17;1;18;16;18;11;6;6;6;30;13;7;21
"pays";25;14;8;39;44;14;7;7;84;18;21;12;35;94;8;25;11;11;23;59;6;7;21;34;32;14;14;41;6;55;18;13;10;9;13;49;5;20;15;10;62;41;16;23;15;22;43;21;32;12;3;12;12;13;21;23;43;3;8;36;39;26;14;80;10;6;12;25;6;6;10;14;18;22;5;125;93;14;34;40;5;14;16;17;64;25;22;21;28;10;9;10;17;6;9;10;12;16;10;31;17;13;35;47;18;16;14;29;21;31;2;3;4;3;17;59;12;13;13;22;16;20;7;19;38;5;10;9;17;12;13;10;18;9;2;11;1;30;7;17;18;9;3;25;14;5;14;20;35;11;16;4;8;5;8;34;39;15;7;14;11;16;8;14;23;5;25;13;17;21;21;33;18;19;15;68;8;31;13;8;12;8;10;10;6;9;37;15;37;18;17;26;12;8;24;9;10;7;4;19;16;4;3;4;20;9;0;14;12;17;12;11;11;14;12;9;25;13;10;9;12;22;8;8;18;13;6;34;10;7;7;4;8;13;5;7;11
"secret";55;8;16;44;91;21;12;14;97;25;9;15;56;114;0;43;27;20;35;112;12;45;27;73;35;15;20;90;13;68;25;22;24;11;16;57;20;16;32;20;40;11;28;23;29;16;43;26;7;16;17;34;11;29;27;46;36;4;16;36;105;71;23;209;4;19;27;12;14;13;24;55;27;51;17;163;118;14;41;35;6;11;26;34;79;34;12;45;37;39;24;9;12;76;18;22;18;47;15;8;8;28;109;47;25;129;29;85;44;42;16;14;10;9;28;62;13;58;27;63;17;39;11;43;58;21;20;19;41;38;18;18;62;11;25;10;12;30;18;8;46;22;19;68;24;9;15;28;56;11;31;8;35;19;10;46;88;14;18;26;12;80;35;48;23;13;38;58;30;25;34;28;93;51;23;14;19;26;13;16;23;37;9;21;9;21;18;15;47;6;12;29;15;10;71;12;12;15;18;8;20;17;26;13;47;19;14;0;22;29;2;28;34;16;59;13;39;16;26;16;23;24;11;31;13;4;20;24;34;10;13;6;15;23;23;7;29
"honneur";36;7;14;35;57;10;12;9;73;19;21;11;46;92;3;31;12;4;23;88;12;14;15;45;39;12;42;63;5;48;22;19;11;8;17;36;7;19;30;6;42;13;15;13;15;41;39;24;3;9;9;12;10;16;7;45;36;6;6;43;31;35;15;108;6;20;21;8;18;12;6;21;17;45;8;134;88;17;21;17;11;7;32;30;68;44;27;36;39;4;18;5;6;8;17;26;8;28;15;15;15;15;60;39;20;31;4;43;30;33;10;4;16;11;19;60;5;5;18;20;19;15;17;23;51;17;28;6;10;17;11;13;24;4;5;6;6;13;7;11;39;6;6;39;14;4;12;32;55;10;11;10;25;15;8;39;42;19;8;16;9;14;7;9;26;20;21;9;15;21;14;23;25;20;9;19;8;16;12;13;25;13;8;15;9;12;12;9;48;7;10;31;6;13;62;10;13;23;11;5;14;2;5;6;30;12;12;22;0;15;7;15;16;12;38;22;47;8;80;6;15;16;11;22;24;5;33;17;21;10;14;12;26;18;40;14;20
"raison";46;10;19;35;96;18;13;13;65;11;16;15;49;116;2;38;18;5;33;107;6;13;28;51;29;15;14;52;13;55;15;16;20;9;14;54;9;26;29;12;39;14;13;27;25;14;40;50;14;9;23;24;15;29;29;32;36;1;9;49;42;83;18;146;6;17;25;18;17;4;21;53;23;58;15;142;119;17;41;19;6;11;34;40;86;52;15;49;28;18;13;5;9;22;15;21;15;19;13;18;13;14;65;25;23;29;25;50;63;40;9;12;10;7;23;68;11;12;25;34;25;24;7;30;85;11;18;10;13;29;7;25;35;10;8;11;7;29;8;13;53;14;11;82;22;4;25;35;82;20;19;7;21;23;6;61;63;18;10;24;13;62;21;37;29;8;31;20;23;15;28;41;55;43;12;26;11;38;15;17;33;27;7;12;6;22;26;10;32;8;8;16;7;12;49;15;19;2;9;19;22;6;13;6;44;23;17;29;15;0;14;17;27;16;40;13;53;10;21;11;21;17;11;18;18;5;19;15;24;12;16;8;12;15;22;17;32
"tuer";25;4;9;28;37;5;8;7;34;10;7;20;46;72;4;29;18;5;14;47;4;19;7;39;19;2;8;47;7;31;9;6;8;5;15;22;6;10;24;4;24;4;6;10;23;7;26;46;16;6;1;12;8;13;19;21;7;3;2;28;11;40;49;86;3;6;18;5;9;3;5;34;10;34;6;141;97;7;19;9;9;8;23;25;38;16;9;25;16;9;1;4;13;8;12;19;8;27;2;11;12;11;40;32;22;24;12;37;40;21;8;8;6;11;12;50;9;9;14;31;21;42;4;15;32;9;15;6;8;23;9;9;36;7;11;5;8;25;10;1;32;3;6;43;18;1;2;21;38;9;2;11;15;11;5;21;30;14;9;24;16;36;15;19;23;16;25;17;23;32;19;17;22;14;37;10;7;12;6;10;30;16;3;4;4;10;12;12;11;9;9;15;6;20;27;9;9;4;4;11;12;10;10;4;25;5;12;2;7;14;0;16;18;10;22;6;27;4;24;4;4;9;3;12;10;5;12;12;24;6;11;8;5;6;11;6;17
"malheur";39;9;10;39;61;25;8;7;95;12;13;27;35;101;3;21;12;10;21;63;7;13;29;46;27;13;14;54;12;47;11;12;17;10;11;34;11;14;27;7;32;4;6;15;17;10;45;57;8;7;8;51;2;22;20;26;27;2;10;40;42;61;18;138;7;6;28;22;13;4;13;57;19;41;7;106;75;14;34;21;2;9;25;12;70;25;10;22;32;20;4;7;10;20;16;10;10;18;13;11;12;25;84;35;22;25;17;44;69;30;7;21;5;6;23;70;10;14;15;41;36;25;14;21;44;5;10;7;21;36;9;10;31;8;16;13;24;25;18;7;25;9;16;46;25;4;15;22;42;11;23;4;11;14;19;35;60;19;11;17;10;36;22;39;15;12;31;21;18;82;28;24;57;19;19;16;10;16;12;14;23;44;5;17;8;14;8;7;27;6;8;14;27;11;30;5;12;5;12;12;17;8;11;10;19;24;11;28;15;17;16;0;27;12;36;7;34;13;11;13;14;3;14;17;13;4;22;19;20;5;6;3;9;8;18;13;26
"dernier";92;25;21;55;84;28;15;7;89;36;31;38;68;164;14;47;17;16;35;110;7;59;29;136;54;17;41;106;14;87;28;18;18;16;45;64;18;16;100;73;48;19;22;30;63;18;33;64;21;9;14;12;18;35;21;28;51;15;21;62;31;70;49;151;8;18;23;15;18;28;13;45;23;58;15;138;158;31;82;20;14;12;39;84;124;53;33;50;21;23;23;20;7;13;10;32;20;57;19;28;33;32;90;53;64;40;23;66;76;30;19;21;23;13;34;105;27;19;34;62;24;58;14;17;55;17;10;12;18;39;19;45;120;23;20;11;35;47;15;6;52;15;12;55;23;12;13;32;54;21;22;13;71;22;11;41;76;18;11;40;17;49;26;39;38;23;144;31;30;62;44;39;69;28;64;28;17;33;39;22;34;26;4;37;13;28;25;17;45;18;10;28;21;24;72;34;11;10;35;17;35;17;17;22;36;14;11;34;16;27;18;27;0;36;65;18;40;14;48;18;14;15;20;29;24;13;38;28;39;13;9;9;16;23;30;19;36
"écrire";46;10;14;36;61;19;12;11;42;18;12;10;37;95;8;46;20;11;34;65;7;13;15;68;28;12;45;77;16;78;33;13;15;9;19;49;15;6;32;11;20;6;27;14;16;14;41;33;11;39;9;18;9;25;14;25;59;6;10;34;45;31;9;104;10;11;17;8;6;9;5;57;16;52;110;83;105;18;34;5;17;7;19;21;88;37;15;36;10;11;14;8;9;11;8;16;7;24;14;17;15;22;43;56;36;31;16;43;42;27;6;9;14;5;14;70;4;7;21;33;11;26;6;15;57;17;13;8;27;18;8;28;38;28;15;17;13;33;5;8;65;8;16;42;25;10;12;29;49;5;18;7;317;15;6;33;53;14;4;19;15;41;10;15;27;10;104;30;21;24;19;39;38;22;15;15;8;21;25;10;34;30;1;15;11;18;20;16;22;9;9;11;11;19;46;9;10;7;6;19;23;18;12;3;44;11;14;16;12;16;10;12;36;0;61;12;22;38;19;9;11;13;11;11;16;6;30;38;18;6;22;22;4;15;33;8;40
"ami";118;28;55;138;208;31;25;20;144;57;52;30;110;340;13;95;31;27;69;187;13;49;66;147;70;26;75;128;22;183;64;47;56;22;37;84;26;29;67;29;86;33;30;54;58;57;75;131;30;25;29;38;16;53;34;78;90;10;19;96;111;102;39;274;16;26;45;33;41;13;16;94;62;86;36;269;358;33;95;34;24;27;99;77;249;94;70;108;58;36;26;24;29;32;32;44;31;108;35;59;28;32;111;91;87;52;44;120;80;84;19;31;67;32;73;198;24;41;56;81;49;60;28;50;121;28;25;19;43;53;26;49;112;17;29;33;28;62;28;27;205;21;21;115;54;18;17;38;148;19;29;27;77;43;31;113;165;46;24;54;30;65;21;48;53;29;85;37;49;90;51;66;103;74;48;26;31;55;71;38;96;63;17;56;19;45;44;36;58;17;27;42;49;32;105;52;27;26;40;28;51;27;28;24;61;32;12;59;38;40;22;36;65;61;0;28;104;44;43;43;34;26;24;29;28;26;41;44;34;20;35;30;24;47;64;32;105
"obtenir";41;5;15;29;34;7;8;18;65;7;39;8;34;60;4;25;20;4;16;68;6;14;6;53;29;5;15;40;2;30;12;12;8;7;4;41;10;9;22;14;18;10;13;10;9;13;34;32;7;10;9;7;15;10;9;19;37;4;12;27;17;41;7;69;4;13;20;17;3;2;6;27;19;27;5;70;60;21;25;10;3;9;10;12;57;50;13;25;32;5;12;4;13;7;9;11;4;27;8;13;21;10;31;30;26;18;8;27;21;32;8;6;6;3;16;47;2;7;13;18;13;18;12;7;58;14;8;9;9;20;7;30;27;4;12;11;5;12;13;9;27;5;4;20;12;5;9;18;17;15;22;4;18;6;7;21;36;8;8;10;7;16;11;11;20;4;25;11;11;21;12;11;19;14;11;22;5;17;14;12;19;9;9;9;9;12;25;5;15;3;18;22;6;15;46;9;16;12;11;14;14;3;12;4;24;13;9;13;22;13;6;7;18;12;28;0;17;12;9;12;11;10;6;5;29;3;22;23;21;9;8;13;9;17;19;7;23
"reprendre";79;38;32;108;124;30;17;15;97;67;51;43;143;321;12;75;33;32;58;172;14;64;62;96;48;23;40;131;34;175;50;32;110;26;23;119;22;28;59;18;54;7;29;29;60;32;87;105;37;30;38;27;22;29;38;85;49;12;16;66;110;147;46;257;30;22;57;29;70;18;10;94;61;132;29;231;375;44;77;22;30;26;151;85;195;111;35;116;56;21;20;13;29;22;21;46;24;118;11;45;46;33;98;89;75;63;44;87;115;61;35;31;32;33;130;174;36;26;46;103;47;62;25;27;152;17;40;23;28;57;24;38;103;24;18;25;38;45;21;16;127;30;19;127;56;20;26;51;218;22;36;15;61;67;12;63;122;37;34;47;45;60;23;26;67;50;88;33;83;45;43;80;88;63;43;32;19;39;45;58;137;52;26;29;23;51;28;32;36;23;31;60;19;23;158;18;37;17;21;16;42;35;47;43;115;30;25;39;47;53;27;34;40;22;104;17;0;37;56;52;20;12;31;36;33;11;66;48;88;32;38;17;15;34;104;36;69
"envoyer";47;4;19;35;56;3;8;11;30;11;12;12;25;74;12;29;3;7;14;74;13;7;16;34;26;5;23;47;8;49;41;8;12;9;14;41;8;15;21;15;28;18;6;16;6;14;32;38;9;12;5;11;9;23;10;29;69;7;6;13;28;39;8;75;8;8;17;6;6;7;5;45;8;42;13;95;123;16;23;7;4;8;14;16;107;64;9;24;15;12;7;13;9;8;5;18;10;16;6;6;27;15;19;25;33;27;75;30;41;14;11;10;18;5;10;62;2;7;14;10;10;16;10;6;52;15;5;4;8;25;6;20;24;13;5;15;3;20;10;12;32;3;2;10;16;9;5;31;34;15;7;9;55;6;8;16;48;4;3;19;16;11;4;10;27;3;33;9;18;24;9;21;13;15;13;15;10;12;19;8;22;8;3;12;10;10;14;28;16;14;9;17;10;14;34;9;9;13;2;17;14;5;3;4;28;7;13;16;8;10;4;13;14;38;44;12;37;0;6;16;7;8;5;7;26;5;17;16;25;4;23;19;19;15;28;11;20
"parole";46;24;13;46;77;32;6;5;61;23;7;21;56;119;5;36;36;21;52;108;8;99;32;47;17;18;21;78;10;55;18;16;44;7;23;58;10;23;37;8;39;6;20;18;55;12;47;46;21;4;19;5;5;17;26;21;18;7;18;49;38;59;19;142;13;13;29;5;12;14;13;51;21;57;6;136;122;11;50;16;19;12;55;126;71;30;14;60;11;18;7;7;15;21;23;21;14;64;12;16;11;18;58;41;33;31;16;50;55;39;13;15;20;20;71;113;13;23;22;69;26;21;10;38;49;14;13;11;9;43;11;16;60;3;18;11;21;35;23;11;58;16;14;62;29;11;10;20;71;17;11;31;11;34;6;43;64;27;20;30;16;52;26;53;31;31;46;45;34;30;58;29;71;49;38;8;15;27;24;16;38;31;5;16;10;11;19;11;17;13;10;24;24;17;48;13;11;6;11;11;19;14;41;27;39;18;10;26;80;21;24;11;48;19;43;9;56;6;0;16;13;14;16;15;11;12;29;14;43;13;9;8;12;15;14;12;32
"abbé";29;7;10;55;65;9;8;7;37;24;12;5;25;80;5;10;10;15;25;50;4;23;23;41;29;5;22;39;9;44;15;12;16;9;23;14;11;12;23;11;34;15;9;11;26;24;25;37;9;11;11;7;3;12;11;16;23;5;3;23;27;59;20;40;10;13;6;6;12;6;2;21;11;22;14;78;99;11;31;5;12;7;36;24;72;21;21;30;17;9;6;3;9;14;17;39;14;21;10;11;10;11;23;28;35;15;19;25;26;25;11;14;21;15;23;60;15;16;7;27;17;35;5;8;34;11;11;4;18;32;7;13;36;7;8;10;8;30;5;11;46;2;10;16;8;9;5;15;76;10;8;8;14;10;7;24;37;10;8;18;12;7;8;14;23;10;29;16;27;25;10;28;15;17;17;7;10;21;22;14;38;9;7;15;2;6;11;14;15;6;6;33;13;15;44;13;13;10;20;9;23;11;7;13;91;16;9;16;6;11;4;13;18;9;43;12;52;16;16;0;18;11;5;6;12;9;16;19;15;7;10;3;9;4;21;19;33
"reconnaître";36;11;15;51;67;16;9;10;63;25;21;14;45;97;6;34;19;18;15;46;1;34;13;38;30;14;32;47;7;63;17;13;20;6;18;38;11;21;27;4;35;16;19;19;21;11;26;31;8;4;11;19;8;17;18;28;30;14;14;28;16;48;8;126;11;11;21;8;3;13;23;38;14;40;15;153;86;10;26;8;5;11;35;30;73;33;19;13;33;12;11;14;11;21;8;14;7;28;15;10;11;10;41;44;18;20;8;31;28;23;13;11;8;11;32;61;18;21;9;50;15;16;12;21;39;10;5;13;9;15;8;20;48;16;12;14;5;29;18;5;24;13;24;30;11;11;11;23;37;25;11;10;16;15;12;28;72;16;12;13;11;33;10;29;26;14;23;14;27;20;22;15;35;17;27;20;11;30;10;15;25;11;6;16;7;9;22;20;22;24;7;23;7;12;48;15;14;11;17;11;11;9;9;10;33;8;12;23;15;21;4;14;14;11;34;11;20;7;13;18;0;13;9;13;8;9;16;29;23;3;14;4;11;12;27;13;29
"politique";31;7;6;21;57;11;11;10;120;14;17;13;30;77;2;33;13;4;22;61;2;6;19;34;16;7;9;60;10;46;20;10;13;14;3;37;13;51;20;14;60;13;13;20;25;17;37;9;3;15;11;27;6;11;33;64;32;6;16;37;37;24;5;72;7;14;9;8;16;0;10;19;10;17;10;206;71;9;32;37;6;6;15;18;50;18;17;40;42;10;11;1;15;11;7;16;10;21;11;7;17;6;84;26;18;14;9;30;17;50;10;9;12;10;12;50;7;31;19;16;16;12;9;15;25;5;14;14;15;12;12;9;37;2;1;15;1;18;9;24;18;7;8;15;9;2;12;12;23;16;9;3;12;19;6;56;49;21;19;5;7;13;21;7;14;3;29;15;15;24;20;18;26;26;17;26;16;34;9;10;6;11;5;32;2;11;39;2;23;5;6;24;9;6;41;19;16;21;23;21;18;6;5;5;14;21;22;24;16;17;9;3;15;13;26;10;12;8;14;11;13;0;4;10;31;0;8;15;13;2;10;29;14;30;11;8;14
"souvenir";43;5;10;34;37;12;8;2;31;6;9;15;40;91;1;30;11;17;15;53;13;22;14;52;12;11;17;35;8;42;9;9;10;3;10;50;9;8;23;10;19;16;14;20;15;9;21;38;8;6;2;13;2;14;16;11;21;4;11;21;24;34;16;83;7;8;11;5;10;12;10;34;16;31;14;61;58;4;36;13;5;11;15;25;51;19;10;25;14;5;8;4;7;6;2;19;4;26;4;12;13;5;65;44;23;17;16;27;27;16;8;15;6;7;22;39;7;9;11;32;27;21;11;17;21;8;3;12;4;13;12;14;34;10;16;7;12;26;14;7;33;5;6;35;25;6;4;14;27;9;13;9;14;5;10;13;56;6;6;16;11;41;16;33;19;10;21;29;16;13;26;22;58;20;22;6;9;17;14;12;15;29;2;3;9;3;11;10;22;8;7;12;8;10;22;4;7;11;11;11;9;9;3;9;21;8;8;11;11;11;3;14;20;11;24;6;31;5;16;5;9;4;0;18;5;6;17;21;13;8;5;0;8;1;10;5;8
"plaisir";68;7;16;33;127;34;14;7;77;25;16;13;59;203;8;38;8;13;21;128;19;24;22;65;29;14;24;55;3;77;21;20;30;3;18;60;13;11;42;12;43;13;17;19;22;9;45;40;8;15;4;14;12;27;38;19;65;7;18;44;50;69;15;186;4;19;26;19;17;8;31;55;13;37;16;117;118;21;39;24;11;13;30;43;98;22;12;33;26;19;10;12;7;16;8;12;12;27;15;17;23;13;134;48;39;21;30;72;67;40;5;13;35;11;17;91;9;18;29;55;27;20;10;40;63;7;10;17;16;24;14;26;47;22;23;17;15;52;22;16;47;15;8;84;39;12;16;12;41;10;23;7;23;20;11;72;101;21;24;17;14;119;39;55;23;15;33;29;30;24;53;31;59;42;12;6;13;36;18;14;28;60;8;15;11;24;12;25;26;10;7;11;30;11;41;16;9;10;18;19;26;10;11;16;32;10;8;31;22;18;12;17;29;11;29;5;36;7;15;6;13;10;18;0;15;10;24;13;18;12;6;8;3;8;19;6;34
"roi";58;14;13;33;58;14;10;13;100;18;26;13;51;113;7;45;10;5;25;75;5;13;10;44;49;7;23;68;13;55;29;31;14;5;8;30;14;15;21;9;47;15;11;31;20;32;28;20;23;6;43;21;6;21;8;32;61;11;10;41;26;41;20;63;6;10;15;20;11;5;5;21;16;59;8;116;116;15;16;19;5;6;31;21;74;25;22;27;22;9;54;7;16;7;4;24;9;27;11;8;14;16;30;48;18;27;12;25;34;44;8;2;13;5;13;54;16;5;8;23;18;27;9;7;53;19;15;2;7;40;13;13;29;2;5;11;5;21;6;14;22;11;9;33;20;7;10;30;57;5;15;7;24;2;5;22;67;16;6;8;7;9;10;11;22;11;26;8;34;29;13;19;28;15;10;66;12;19;19;7;21;9;7;16;1;7;20;13;28;7;10;35;5;13;57;15;11;43;10;14;15;13;12;10;15;17;18;13;24;18;10;13;24;16;28;29;33;26;11;12;8;31;5;15;0;6;73;27;41;9;13;10;20;39;19;9;21
"tour";30;13;16;42;46;10;4;9;34;15;18;13;25;71;3;21;12;11;12;40;11;7;14;37;26;5;9;40;1;42;21;20;20;6;14;21;4;14;27;4;12;26;15;8;11;14;8;20;8;4;3;7;5;7;8;13;22;11;12;12;16;14;4;54;12;6;10;5;11;10;3;12;10;17;10;33;78;4;30;5;5;20;47;17;57;22;11;17;10;12;6;10;11;3;4;22;9;14;10;16;3;9;20;28;25;14;9;18;19;18;7;10;12;10;5;46;12;9;71;40;15;7;5;7;17;10;6;7;12;9;0;12;28;17;6;8;8;12;1;12;23;7;4;16;6;4;0;8;28;7;2;3;13;1;9;14;17;4;10;18;22;18;13;8;18;18;14;9;12;23;10;12;19;8;15;13;4;12;9;6;18;8;1;18;3;1;9;16;6;7;4;9;5;9;23;10;2;9;15;6;14;9;16;5;29;1;13;4;5;5;5;4;13;6;26;3;11;5;12;9;9;0;6;10;6;0;5;8;14;9;4;6;1;11;17;4;9
"duc";48;19;21;75;88;16;6;13;100;40;20;7;70;132;3;46;21;7;31;107;11;43;30;71;36;31;46;67;8;70;39;16;27;17;21;78;11;27;29;10;33;16;25;18;36;21;40;32;10;18;26;14;10;23;12;20;50;12;9;31;50;94;19;195;5;16;35;11;28;8;8;48;43;68;22;107;163;14;52;12;10;6;39;40;123;33;17;50;28;12;28;18;17;15;9;22;7;52;18;16;7;18;32;46;51;29;13;55;34;44;10;14;22;21;27;95;7;14;50;50;21;21;32;14;61;16;7;11;17;23;14;18;46;16;6;14;16;43;11;14;72;9;12;67;19;8;6;40;88;15;37;16;42;21;14;69;88;10;9;32;31;43;21;14;31;28;51;17;28;29;28;23;41;26;23;21;11;22;25;11;40;26;16;22;6;22;18;26;43;19;16;29;13;19;81;21;11;40;34;11;31;15;13;20;70;18;6;20;33;19;12;22;38;30;41;22;66;17;29;16;16;8;17;24;73;5;0;43;80;19;16;9;6;33;28;3;44
"nom";63;22;38;67;98;16;19;7;98;26;30;12;46;124;12;44;17;17;34;179;2;14;33;78;76;21;32;105;6;94;28;25;24;9;47;66;15;32;27;8;34;28;12;22;32;62;52;28;38;26;12;28;13;24;21;28;74;9;11;44;106;76;24;118;14;18;30;26;14;12;9;41;27;75;34;148;112;24;38;20;8;10;34;77;91;63;28;50;66;33;14;8;90;6;13;46;6;34;16;13;19;65;49;48;32;24;12;60;59;51;15;15;7;7;23;104;12;13;7;33;24;35;16;12;94;9;13;16;29;29;22;21;45;11;8;26;3;32;16;19;42;29;13;51;18;13;22;36;77;15;12;15;37;10;6;45;77;39;11;20;21;30;11;9;14;18;36;14;19;32;27;12;34;25;15;31;10;21;8;15;39;17;27;18;7;17;17;14;70;10;16;31;9;23;76;23;22;23;13;17;18;11;15;8;60;16;34;24;17;15;12;19;28;38;44;23;48;16;14;19;29;15;21;13;27;8;43;0;44;14;26;13;22;8;42;11;39
"marquis";60;16;12;101;112;28;19;14;104;36;22;22;87;171;7;50;33;20;35;92;9;62;47;72;55;11;29;84;13;64;48;20;58;20;48;62;17;16;47;20;32;14;23;20;47;34;48;50;35;18;28;18;14;24;21;34;55;7;16;43;47;81;29;209;7;28;40;22;26;9;5;55;58;65;23;146;206;11;68;9;28;6;105;54;160;24;38;57;29;17;30;24;19;22;16;37;20;72;23;34;9;22;49;76;36;38;28;53;75;42;23;36;27;34;46;97;15;25;26;92;29;40;26;20;89;19;16;21;19;20;42;24;96;13;20;14;22;50;13;18;68;17;14;62;32;11;7;69;118;7;26;21;39;20;26;49;119;19;22;46;22;39;19;20;35;30;48;21;51;35;34;48;53;47;31;28;27;28;37;15;54;25;17;28;12;18;16;10;38;16;12;32;20;30;122;33;10;38;52;11;42;17;23;33;97;18;10;34;21;24;24;20;39;18;34;21;88;25;43;15;23;13;13;18;41;14;80;44;0;28;20;7;38;20;30;11;38
"cousin";29;8;17;50;53;8;5;6;48;23;12;10;35;114;2;28;14;13;23;50;4;24;16;44;30;18;20;55;8;93;19;9;17;6;21;41;5;4;28;6;16;10;9;12;14;11;23;46;8;6;8;9;6;7;11;23;27;2;9;19;20;67;7;74;10;7;14;15;20;6;4;38;18;45;9;56;115;10;23;6;5;8;42;29;79;27;9;44;21;9;4;8;13;10;6;14;6;31;11;13;14;11;15;31;34;11;10;21;30;26;11;16;32;12;20;69;12;11;12;39;12;11;20;7;52;7;7;4;16;16;5;13;39;10;6;6;12;24;6;14;63;5;4;42;8;16;4;22;68;10;14;15;14;17;2;20;55;9;5;11;8;12;12;10;20;15;22;8;15;20;10;32;26;25;8;2;5;16;16;2;31;17;10;19;8;11;16;15;20;7;8;8;10;17;18;10;6;7;12;6;17;6;6;10;35;11;7;10;10;12;6;5;13;6;20;9;32;4;13;7;3;2;8;12;9;9;19;14;28;0;8;2;5;9;48;10;14
"notaire";46;13;17;122;53;10;18;12;40;21;17;7;36;74;4;15;9;6;16;63;7;10;12;46;36;6;14;47;12;62;17;48;16;3;18;28;7;8;17;10;20;18;7;11;12;26;16;28;15;11;22;8;18;11;13;62;59;4;7;25;32;58;12;63;13;11;15;23;8;5;3;25;22;45;4;75;110;15;25;26;15;8;27;22;82;72;31;26;33;3;8;9;10;10;11;16;15;24;8;14;19;9;20;35;41;25;17;21;25;30;9;10;15;9;16;56;5;14;16;14;17;13;12;5;48;26;5;8;18;9;9;14;36;13;7;13;2;19;6;4;17;5;5;8;5;7;9;31;71;13;13;11;21;7;6;15;74;9;12;15;8;7;3;4;14;10;33;5;13;21;23;12;12;17;14;7;8;12;15;10;28;3;24;6;17;11;22;11;26;7;11;11;9;17;56;11;15;5;15;7;23;6;18;5;50;6;7;13;14;16;11;6;9;22;35;8;38;23;9;10;14;10;5;6;13;4;16;26;20;8;0;4;4;2;9;14;2
"journal";33;8;22;17;36;3;6;6;62;17;18;8;26;57;5;35;9;4;25;54;2;4;26;40;16;2;22;38;8;85;7;17;13;3;11;22;13;10;14;5;14;9;3;21;14;18;18;14;4;26;3;6;19;7;10;28;31;5;3;22;24;6;4;26;11;6;2;6;6;3;2;4;3;17;88;57;75;14;10;13;5;7;14;15;57;59;12;36;10;6;1;3;14;5;6;10;10;18;4;7;15;16;19;23;28;15;7;19;17;22;3;9;10;7;4;52;5;5;14;19;9;13;6;3;35;6;3;4;10;5;5;32;23;4;0;17;1;21;13;8;29;2;6;9;6;6;9;11;28;6;7;4;15;5;3;18;26;5;9;13;8;5;7;4;17;8;29;9;15;24;9;10;7;8;13;13;3;28;25;4;17;6;6;15;14;15;7;19;6;3;5;9;6;10;22;15;9;7;8;16;10;7;5;0;12;6;4;6;12;8;8;3;9;22;30;13;17;19;8;3;4;29;0;8;10;6;9;13;7;2;4;0;21;18;19;6;70
"chef";39;9;8;32;59;10;8;7;59;23;30;8;28;75;1;26;11;17;18;53;2;14;10;25;36;10;11;35;5;36;20;8;15;8;8;16;8;15;16;7;19;9;8;13;9;59;18;20;10;8;11;13;3;7;4;17;25;8;8;18;28;21;10;67;9;9;21;8;11;4;1;6;16;20;3;82;68;4;19;16;9;4;29;21;59;16;32;25;11;13;9;2;17;6;7;18;9;21;6;11;5;9;15;26;15;32;8;25;13;47;10;10;13;7;14;58;13;5;7;21;14;15;0;4;33;7;12;1;7;8;11;16;43;3;1;15;5;10;11;8;18;10;2;23;7;6;5;7;25;7;3;9;7;5;12;16;67;4;12;18;14;8;6;2;17;9;17;12;24;11;6;13;13;14;9;10;9;7;10;3;19;4;6;30;10;13;18;9;45;4;2;26;6;8;15;15;8;9;9;13;14;9;8;7;24;6;8;15;26;12;5;9;16;4;24;9;15;19;12;9;11;14;8;3;20;1;6;22;38;5;4;21;0;40;14;7;11
"ministre";62;7;14;21;57;10;6;6;78;17;33;11;39;81;5;28;17;6;17;50;5;12;18;42;17;10;32;57;10;50;56;15;12;3;9;25;15;17;12;5;19;2;3;17;12;46;31;22;4;10;14;14;5;13;6;62;31;1;1;26;44;22;7;106;4;11;21;21;19;3;4;8;3;12;12;118;85;10;19;27;7;15;32;34;76;18;30;34;13;14;14;11;11;11;1;7;7;16;3;6;3;5;8;38;34;14;14;23;21;49;6;6;26;11;20;78;3;9;22;18;13;15;19;2;43;10;10;6;10;13;4;11;63;5;1;18;4;12;2;15;41;6;2;16;13;2;10;16;35;5;8;13;23;13;9;26;32;19;4;14;14;6;5;5;20;11;21;7;13;25;12;22;12;12;21;46;5;17;19;5;18;8;6;18;6;10;58;18;10;2;7;66;9;6;49;29;9;35;25;11;18;7;6;9;10;30;13;23;18;15;6;8;23;15;47;17;34;15;15;4;12;30;1;8;39;11;33;8;20;9;2;18;40;0;29;9;22
"baron";69;25;56;104;119;22;16;19;74;37;25;22;66;231;18;48;27;19;42;124;11;43;27;86;65;23;44;108;18;118;53;24;65;11;45;72;14;28;44;11;38;16;18;24;39;42;47;43;12;8;5;18;10;23;15;50;54;8;13;58;51;162;24;206;25;15;46;15;25;16;13;65;38;76;20;109;237;23;66;18;21;10;95;62;161;95;36;69;29;17;21;37;22;19;13;27;36;63;21;38;25;13;44;53;65;46;30;54;56;53;11;32;45;30;36;159;13;24;35;59;25;27;19;17;129;16;23;12;37;38;24;43;80;19;12;22;22;42;20;22;75;21;8;56;33;18;7;58;161;26;40;18;68;26;14;43;88;17;16;48;23;44;19;15;69;33;49;12;37;43;16;38;42;31;19;21;24;23;31;35;93;30;15;32;11;28;37;37;54;15;16;38;20;17;76;36;17;22;38;18;38;18;20;24;77;13;5;23;40;22;11;18;30;33;64;19;104;28;14;21;27;11;10;19;19;17;28;42;30;48;9;19;14;29;0;11;30
"oncle";21;4;23;40;44;5;6;5;32;10;23;8;53;86;2;26;9;6;28;65;2;12;14;34;37;7;17;43;16;49;13;18;17;6;17;29;6;6;17;5;12;8;9;11;15;14;12;31;5;15;14;4;12;7;10;26;19;3;10;21;20;43;8;53;5;7;14;17;11;1;4;34;11;51;8;51;126;14;17;14;7;7;29;30;74;35;14;22;37;10;6;7;9;9;5;15;6;32;11;8;11;14;20;26;35;18;7;31;39;24;8;12;18;12;8;43;7;9;8;18;18;24;16;6;27;7;15;4;11;23;7;11;29;6;3;8;9;27;6;5;42;3;1;24;6;5;9;19;56;8;19;12;15;14;3;15;27;7;4;24;9;7;4;11;22;15;24;4;18;23;6;24;14;12;13;7;13;6;13;29;33;16;21;9;8;10;13;8;24;11;13;9;10;18;27;15;14;11;12;4;13;10;6;7;35;7;7;7;14;17;6;13;19;8;32;7;36;11;12;19;13;8;5;6;9;4;3;11;11;10;14;6;7;9;11;0;3
"lucien";80;17;60;39;172;17;9;17;121;43;24;21;73;181;17;58;25;15;28;120;12;60;50;102;29;18;47;117;20;155;39;22;64;25;44;94;29;24;47;6;59;13;27;27;54;24;56;62;12;31;7;27;13;25;23;35;81;9;24;53;65;39;23;120;6;14;16;11;38;17;16;41;14;43;57;161;209;22;49;25;21;12;101;73;157;87;26;65;36;28;13;23;21;20;19;27;22;64;24;28;36;25;81;63;82;27;28;68;53;54;30;36;53;31;37;134;18;26;36;66;42;19;26;23;91;17;29;17;31;21;17;34;104;11;13;25;27;69;13;16;63;21;18;79;35;25;9;23;133;23;18;31;58;23;17;82;95;30;20;48;39;59;17;17;54;18;64;27;48;56;44;49;68;60;35;10;21;66;47;10;102;33;4;37;16;27;15;27;19;13;15;20;31;50;37;43;12;15;29;20;53;11;12;27;31;21;11;29;20;32;17;26;36;40;105;23;69;20;32;33;29;14;8;34;21;9;44;39;38;14;2;70;11;22;30;3;0
